Age,Income,LoanAmount,CreditScore,YearsExperience,Gender,Education,City,EmploymentType,LoanApproved
43,54281.0,17379.0,553.0,27,Male,PhD,San Francisco,Salaried,0
39,46908.0,17793.0,685.0,11,Female,High School,Chicago,Salaried,1
56,59826.0,18553.0,784.0,9,Male,PhD,San Francisco,Self-Employed,1
31,48080.0,26708.0,776.0,39,Female,PhD,San Francisco,Self-Employed,1
23,47751.0,20556.0,583.0,12,Male,High School,San Francisco,Self-Employed,0
58,64894.0,19331.0,579.0,37,Male,Bachelors,New York,Unemployed,0
50,41760.0,21042.0,744.0,30,Male,PhD,Chicago,Salaried,1
18,43240.0,19759.0,674.0,21,Male,Bachelors,San Francisco,Salaried,1
61,36330.0,-2431.0,518.0,26,Female,PhD,Chicago,Salaried,0
55,27091.0,29570.0,786.0,28,Female,Masters,New York,Self-Employed,0
64,42695.0,35295.0,442.0,7,Female,PhD,Houston,Unemployed,0
40,34784.0,21164.0,320.0,18,Male,Masters,New York,Salaried,0
49,57353.0,21580.0,646.0,19,Male,Masters,New York,Self-Employed,1
64,49488.0,18841.0,721.0,20,Male,High School,Chicago,Self-Employed,1
58,66473.0,33651.0,565.0,22,Female,Bachelors,San Francisco,Unemployed,0
68,49488.0,22791.0,552.0,15,Female,Masters,Chicago,Salaried,0
39,34539.0,24656.0,399.0,9,Female,Bachelors,New York,Self-Employed,0
67,42481.0,14561.0,659.0,28,Female,Masters,Chicago,Self-Employed,1
57,49488.0,3606.0,627.0,18,Male,High School,New York,Unemployed,0
27,68154.0,23745.0,678.0,6,Male,Masters,San Francisco,Salaried,1
53,51051.0,17147.0,786.0,23,Female,Bachelors,New York,Salaried,1
21,61082.0,20479.0,707.0,16,Male,PhD,New York,Self-Employed,1
58,51166.0,20503.0,635.0,13,Female,Bachelors,Houston,Self-Employed,1
25,53671.0,31985.0,802.0,20,Male,PhD,San Francisco,Self-Employed,1
26,50081.0,34063.0,735.0,3,Female,PhD,Chicago,Self-Employed,1
43,70106.0,23547.0,333.0,38,Male,Masters,New York,Self-Employed,0
27,52607.0,7449.0,641.0,14,Male,Masters,Houston,Self-Employed,0
51,21879.0,20123.0,422.0,25,Male,Bachelors,San Francisco,Unemployed,0
50,39808.0,14137.0,774.0,23,Female,Bachelors,Houston,Self-Employed,0
35,53525.0,29988.0,411.0,19,Male,Bachelors,San Francisco,Unemployed,0
63,77988.0,22682.0,615.0,36,Female,Masters,San Francisco,Self-Employed,1
54,60044.0,21199.0,761.0,31,Female,PhD,New York,Self-Employed,1
33,61875.0,21759.0,335.0,18,Male,PhD,New York,Unemployed,0
54,86151.0,19289.0,630.0,31,Male,PhD,San Francisco,Self-Employed,1
24,46039.0,17748.0,350.0,19,Female,Masters,Chicago,Unemployed,0
66,44416.0,13171.0,669.0,13,Male,Masters,Houston,Salaried,1
23,52073.0,24851.0,761.0,27,Female,Bachelors,Chicago,Unemployed,0
63,65099.0,15065.0,322.0,19,Female,Bachelors,San Francisco,Salaried,0
50,45903.0,3172.0,301.0,14,Female,PhD,San Francisco,Self-Employed,0
29,43686.0,26679.0,836.0,21,Male,Masters,New York,Salaried,1
69,38982.0,18579.0,500.0,23,Female,PhD,New York,Salaried,0
40,52068.0,21306.0,768.0,2,Male,High School,New York,Self-Employed,1
60,47667.0,23691.0,756.0,13,Male,Masters,New York,Self-Employed,1
25,58888.0,32446.0,631.0,16,Female,Bachelors,San Francisco,Self-Employed,1
31,50262.0,20698.0,728.0,27,Female,Bachelors,Chicago,Self-Employed,1
20,60932.0,20762.0,665.0,22,Female,Bachelors,Chicago,Self-Employed,1
22,67410.0,19675.0,609.0,26,Female,PhD,San Francisco,Self-Employed,1
67,40217.0,26197.0,648.0,25,Female,High School,Chicago,Salaried,1
22,60613.0,20545.0,847.0,1,Female,Masters,Chicago,Self-Employed,1
40,65537.0,13421.0,301.0,28,Male,High School,Houston,Self-Employed,0
31,75981.0,39068.0,470.0,20,Female,Bachelors,Chicago,Salaried,1
22,36923.0,19727.0,621.0,36,Male,High School,New York,Self-Employed,1
28,68937.0,18173.0,612.0,17,Female,Bachelors,Chicago,Salaried,1
50,54140.0,30434.0,802.0,19,Female,High School,New York,Self-Employed,1
39,44057.0,24285.0,660.0,34,Male,High School,San Francisco,Self-Employed,1
55,49488.0,13148.0,621.0,11,Female,Masters,Chicago,Self-Employed,1
37,39721.0,27103.0,846.0,30,Female,Bachelors,Chicago,Self-Employed,0
25,55325.0,26479.0,408.0,15,Female,High School,Chicago,Self-Employed,0
25,40450.0,9218.0,566.0,37,Male,Bachelors,New York,Unemployed,0
39,48477.0,9252.0,804.0,15,Female,PhD,New York,Self-Employed,1
65,58582.0,15833.0,823.0,2,Male,PhD,Houston,Salaried,1
29,21951.0,11812.0,544.0,3,Male,High School,San Francisco,Unemployed,0
40,65202.0,14928.0,456.0,33,Female,Bachelors,Houston,Self-Employed,1
43,49488.0,23568.0,668.0,34,Male,PhD,Chicago,Salaried,1
22,41481.0,16709.0,806.0,20,Male,PhD,Chicago,Salaried,1
33,46142.0,18624.0,316.0,10,Female,Masters,New York,Salaried,0
39,52305.0,11740.0,779.0,38,Female,Masters,Chicago,Unemployed,0
38,52021.0,22256.0,425.0,10,Male,PhD,San Francisco,Unemployed,0
38,59938.0,10183.0,723.0,4,Female,High School,Houston,Self-Employed,1
64,49488.0,10989.0,509.0,37,Female,PhD,Chicago,Unemployed,0
27,25221.0,23790.0,556.0,18,Male,Bachelors,Chicago,Self-Employed,0
67,58975.0,9925.0,708.0,8,Female,PhD,Houston,Salaried,1
69,49488.0,21198.0,327.0,15,Male,Bachelors,Chicago,Salaried,0
35,50785.0,31969.0,803.0,1,Male,High School,New York,Self-Employed,0
41,49488.0,24299.0,579.0,13,Female,High School,Houston,Salaried,0
63,47988.0,29293.0,510.0,18,Male,Masters,New York,Salaried,0
66,43088.0,39686.0,374.0,31,Female,PhD,Chicago,Salaried,0
38,44252.0,10318.0,779.0,13,Male,Masters,Chicago,Salaried,1
27,27401.0,18164.0,809.0,3,Male,Bachelors,Chicago,Unemployed,0
62,80271.0,24444.0,698.0,9,Male,Masters,San Francisco,Self-Employed,1
20,56254.0,45.0,569.0,20,Female,High School,Chicago,Unemployed,0
41,51852.0,19032.0,664.0,26,Female,PhD,Chicago,Self-Employed,1
29,48099.0,20366.0,672.0,33,Male,Bachelors,Chicago,Self-Employed,1
46,53724.0,22673.0,650.0,12,Male,Bachelors,New York,Salaried,1
35,53815.0,23593.0,707.0,29,Male,Bachelors,New York,Salaried,1
24,55608.0,19378.0,646.0,5,Female,Masters,New York,Self-Employed,1
54,52315.0,29604.0,795.0,4,Male,PhD,New York,Self-Employed,1
62,35174.0,29000.0,711.0,6,Male,Bachelors,New York,Salaried,0
32,54399.0,19154.0,659.0,24,Female,Bachelors,San Francisco,Self-Employed,1
35,17828.0,30924.0,323.0,16,Male,PhD,San Francisco,Unemployed,0
31,25924.0,31891.0,531.0,39,Male,Masters,San Francisco,Unemployed,0
48,55174.0,22556.0,767.0,26,Female,Bachelors,New York,Self-Employed,1
60,76749.0,11023.0,717.0,39,Male,PhD,San Francisco,Self-Employed,1
24,45448.0,23632.0,407.0,13,Male,Masters,New York,Salaried,0
49,46800.0,9870.0,692.0,22,Male,High School,New York,Salaried,1
57,67815.0,11855.0,744.0,39,Female,High School,San Francisco,Self-Employed,1
31,49243.0,17627.0,666.0,29,Male,High School,Chicago,Self-Employed,1
30,39396.0,22205.0,717.0,4,Female,Masters,San Francisco,Salaried,0
26,48995.0,15533.0,821.0,29,Male,Bachelors,Chicago,Unemployed,0
37,37370.0,15305.0,515.0,19,Male,Masters,Chicago,Unemployed,0
19,51281.0,24118.0,823.0,33,Male,PhD,Houston,Salaried,1
54,44097.0,18322.0,662.0,7,Female,Masters,Chicago,Salaried,1
31,74821.0,15611.0,708.0,34,Male,Masters,Chicago,Salaried,1
40,46554.0,32110.0,637.0,19,Female,Masters,New York,Self-Employed,1
49,34155.0,11064.0,320.0,34,Female,Bachelors,San Francisco,Unemployed,0
26,41774.0,17288.0,535.0,2,Female,High School,New York,Self-Employed,0
35,74434.0,22466.0,831.0,26,Female,PhD,New York,Self-Employed,1
21,68746.0,20755.0,500.0,5,Male,Bachelors,Houston,Salaried,1
45,77415.0,16041.0,779.0,33,Female,High School,Houston,Salaried,1
37,50523.0,18451.0,609.0,27,Female,High School,San Francisco,Self-Employed,1
22,41571.0,7836.0,678.0,22,Male,Masters,San Francisco,Salaried,1
36,74590.0,17809.0,815.0,35,Male,PhD,San Francisco,Salaried,1
30,41100.0,28567.0,729.0,18,Male,Bachelors,Houston,Unemployed,1
25,59246.0,29153.0,590.0,7,Female,PhD,San Francisco,Salaried,0
18,54552.0,11722.0,526.0,18,Female,PhD,Houston,Unemployed,0
44,48741.0,14874.0,579.0,4,Male,High School,New York,Salaried,0
55,31511.0,14782.0,646.0,34,Female,Masters,Houston,Salaried,0
32,45801.0,21419.0,693.0,39,Female,Bachelors,San Francisco,Salaried,1
69,40956.0,20365.0,841.0,6,Male,PhD,New York,Unemployed,0
65,24389.0,24072.0,554.0,31,Female,PhD,Chicago,Salaried,0
43,49082.0,25846.0,722.0,14,Female,PhD,Houston,Self-Employed,1
61,61805.0,26702.0,478.0,11,Female,Bachelors,Chicago,Self-Employed,0
30,47955.0,27282.0,644.0,28,Female,Masters,Houston,Self-Employed,1
43,37479.0,16772.0,844.0,8,Female,High School,Houston,Self-Employed,0
57,25643.0,27037.0,466.0,30,Female,Bachelors,Chicago,Salaried,0
27,47724.0,28117.0,752.0,35,Female,High School,Houston,Salaried,1
69,55343.0,29462.0,799.0,24,Male,Bachelors,San Francisco,Salaried,1
45,35724.0,17129.0,837.0,19,Male,PhD,Houston,Salaried,0
21,52240.0,27210.0,768.0,34,Female,Bachelors,Houston,Salaried,1
45,28150.0,7156.0,613.0,19,Female,Bachelors,San Francisco,Unemployed,0
35,64721.0,10229.0,750.0,37,Male,Bachelors,New York,Salaried,1
59,33344.0,7530.0,315.0,10,Female,Bachelors,San Francisco,Salaried,0
21,46080.0,13020.0,557.0,12,Female,PhD,Chicago,Self-Employed,0
50,66813.0,11993.0,408.0,24,Male,High School,Chicago,Salaried,0
26,44859.0,17987.0,343.0,32,Female,Bachelors,Houston,Salaried,0
34,53864.0,27643.0,787.0,20,Male,PhD,Chicago,Salaried,1
45,50859.0,18134.0,707.0,31,Female,Masters,Chicago,Salaried,1
51,57549.0,970.0,811.0,2,Male,PhD,New York,Unemployed,0
58,62393.0,9054.0,579.0,22,Female,PhD,Chicago,Unemployed,0
20,50089.0,16449.0,583.0,4,Female,PhD,New York,Self-Employed,1
63,77869.0,18854.0,806.0,27,Male,PhD,Chicago,Salaried,1
36,74606.0,19180.0,418.0,0,Female,Masters,Houston,Salaried,0
64,38281.0,20366.0,315.0,12,Male,Masters,Chicago,Unemployed,0
29,42276.0,16660.0,513.0,34,Female,Bachelors,Houston,Unemployed,1
22,48533.0,21365.0,601.0,14,Male,PhD,Houston,Salaried,1
22,21728.0,25770.0,652.0,27,Male,High School,New York,Salaried,1
42,64359.0,35882.0,767.0,5,Male,Bachelors,San Francisco,Self-Employed,1
21,33951.0,20039.0,346.0,37,Male,Bachelors,San Francisco,Unemployed,0
45,44093.0,21749.0,791.0,15,Male,Bachelors,Chicago,Salaried,1
37,44184.0,8526.0,782.0,10,Male,PhD,New York,Unemployed,0
48,31420.0,19469.0,597.0,32,Male,PhD,San Francisco,Self-Employed,0
49,59635.0,26532.0,625.0,14,Female,Masters,San Francisco,Self-Employed,1
42,53741.0,3065.0,366.0,36,Female,PhD,Houston,Unemployed,0
30,57744.0,20981.0,729.0,39,Male,Masters,San Francisco,Salaried,1
43,60203.0,16135.0,737.0,15,Male,Bachelors,Chicago,Self-Employed,1
45,29043.0,13745.0,421.0,19,Male,High School,Houston,Unemployed,0
50,65290.0,26370.0,755.0,3,Female,PhD,Houston,Self-Employed,1
68,36442.0,21436.0,749.0,36,Male,PhD,San Francisco,Salaried,0
40,43231.0,10950.0,768.0,36,Female,High School,Houston,Salaried,1
19,62134.0,26462.0,713.0,18,Male,Masters,Houston,Unemployed,1
23,51898.0,9632.0,810.0,14,Male,PhD,New York,Salaried,1
23,43292.0,10542.0,579.0,8,Female,Masters,Chicago,Unemployed,0
32,77885.0,19755.0,639.0,10,Female,PhD,Chicago,Self-Employed,1
57,78549.0,16216.0,532.0,27,Female,PhD,Houston,Salaried,1
31,57273.0,10571.0,803.0,25,Female,Bachelors,Houston,Unemployed,0
57,56534.0,53.0,764.0,17,Male,High School,Houston,Self-Employed,1
47,67932.0,15091.0,715.0,38,Male,PhD,New York,Self-Employed,1
30,49494.0,23194.0,650.0,5,Male,Masters,Houston,Salaried,1
25,47886.0,18106.0,835.0,13,Male,Masters,New York,Salaried,1
24,49318.0,21996.0,558.0,20,Female,Bachelors,New York,Self-Employed,0
49,21629.0,21501.0,300.0,17,Female,Bachelors,New York,Salaried,0
50,76322.0,25008.0,691.0,30,Male,Bachelors,San Francisco,Salaried,1
57,63177.0,26546.0,805.0,2,Female,Masters,Chicago,Unemployed,0
29,50048.0,25265.0,758.0,2,Male,Bachelors,San Francisco,Self-Employed,1
53,53440.0,15882.0,502.0,8,Male,Bachelors,Chicago,Self-Employed,0
56,31252.0,4330.0,464.0,0,Female,PhD,Houston,Unemployed,1
56,52174.0,14393.0,561.0,19,Female,Masters,San Francisco,Self-Employed,0
53,61550.0,11260.0,761.0,21,Female,High School,Houston,Salaried,1
31,54584.0,12948.0,698.0,2,Male,High School,Chicago,Self-Employed,1
51,49488.0,17632.0,659.0,22,Male,Masters,San Francisco,Self-Employed,1
59,47388.0,18178.0,729.0,2,Female,Masters,San Francisco,Unemployed,0
23,81652.0,17039.0,357.0,37,Male,High School,San Francisco,Self-Employed,0
51,47383.0,22150.0,622.0,6,Female,High School,Chicago,Unemployed,0
19,31452.0,26437.0,801.0,5,Male,PhD,San Francisco,Self-Employed,0
42,55656.0,17946.0,696.0,11,Female,PhD,San Francisco,Salaried,1
28,57293.0,24703.0,356.0,28,Female,Masters,San Francisco,Salaried,0
66,87275.0,24687.0,579.0,12,Male,Bachelors,Chicago,Unemployed,0
39,54864.0,15428.0,620.0,16,Female,PhD,San Francisco,Self-Employed,1
38,68857.0,31386.0,377.0,8,Male,PhD,Chicago,Salaried,0
21,25187.0,14182.0,686.0,34,Female,Bachelors,Houston,Salaried,0
35,41957.0,31137.0,818.0,5,Male,Bachelors,Houston,Salaried,1
25,49488.0,34203.0,838.0,22,Male,High School,New York,Unemployed,1
30,64594.0,32385.0,793.0,30,Male,Masters,Houston,Salaried,1
37,49488.0,19741.0,674.0,25,Male,Bachelors,Chicago,Self-Employed,1
26,58100.0,18230.0,311.0,10,Female,High School,San Francisco,Self-Employed,0
43,53644.0,13323.0,672.0,38,Male,High School,San Francisco,Salaried,1
39,62957.0,15696.0,432.0,36,Male,Masters,New York,Salaried,0
31,38762.0,17673.0,700.0,8,Female,High School,New York,Self-Employed,0
66,62148.0,26445.0,696.0,16,Male,High School,New York,Salaried,1
47,54461.0,12411.0,798.0,7,Female,High School,New York,Unemployed,0
41,49392.0,3711.0,688.0,37,Male,PhD,Chicago,Salaried,1
51,21980.0,16750.0,829.0,14,Male,PhD,San Francisco,Unemployed,0
32,79863.0,26048.0,579.0,2,Female,Masters,San Francisco,Self-Employed,0
32,85879.0,10341.0,735.0,27,Female,High School,San Francisco,Self-Employed,1
68,86559.0,8020.0,677.0,14,Female,Masters,San Francisco,Salaried,1
43,45141.0,16437.0,696.0,14,Male,Masters,Houston,Salaried,1
36,58360.0,37085.0,557.0,1,Female,Bachelors,Houston,Unemployed,0
27,76022.0,4879.0,636.0,39,Female,Masters,New York,Salaried,1
18,43638.0,21328.0,352.0,37,Female,PhD,Houston,Self-Employed,0
52,51855.0,23587.0,691.0,27,Male,Masters,Houston,Salaried,1
46,45035.0,32942.0,698.0,32,Male,Masters,San Francisco,Salaried,1
28,59078.0,7010.0,475.0,0,Female,Masters,Houston,Salaried,0
22,50148.0,32257.0,746.0,0,Male,PhD,Chicago,Self-Employed,1
59,33244.0,26703.0,675.0,17,Male,Bachelors,Houston,Salaried,0
46,47989.0,23619.0,376.0,13,Male,PhD,New York,Salaried,0
60,51012.0,6553.0,572.0,8,Male,Masters,New York,Unemployed,0
59,50616.0,19335.0,506.0,6,Male,Bachelors,Houston,Salaried,0
19,37725.0,11532.0,615.0,28,Male,Masters,Chicago,Unemployed,0
21,74884.0,7790.0,692.0,34,Female,Bachelors,San Francisco,Self-Employed,1
60,44815.0,12298.0,701.0,17,Female,High School,New York,Self-Employed,1
29,56653.0,25283.0,828.0,36,Male,Bachelors,New York,Salaried,1
60,55732.0,42101.0,471.0,17,Female,High School,San Francisco,Unemployed,1
58,38489.0,28551.0,523.0,14,Female,Bachelors,New York,Unemployed,0
53,77155.0,26234.0,694.0,17,Female,Masters,Houston,Salaried,1
52,62467.0,31669.0,520.0,22,Female,Bachelors,San Francisco,Unemployed,0
18,49488.0,40814.0,412.0,8,Female,High School,Houston,Unemployed,0
22,53982.0,22971.0,579.0,2,Male,PhD,Chicago,Self-Employed,0
44,47948.0,20032.0,654.0,16,Male,PhD,Chicago,Salaried,1
61,73631.0,4848.0,380.0,34,Male,Bachelors,San Francisco,Salaried,0
22,45127.0,26270.0,535.0,36,Female,Bachelors,Chicago,Self-Employed,0
48,74681.0,22232.0,718.0,32,Female,Masters,San Francisco,Self-Employed,1
67,49488.0,27811.0,586.0,20,Male,Bachelors,New York,Salaried,0
43,45965.0,22058.0,613.0,18,Female,Bachelors,Chicago,Self-Employed,1
21,23179.0,9838.0,818.0,29,Male,PhD,Chicago,Salaried,0
25,57966.0,10935.0,767.0,16,Female,Masters,San Francisco,Self-Employed,1
45,52573.0,20965.0,473.0,6,Male,Masters,New York,Self-Employed,0
54,45955.0,19008.0,748.0,6,Female,High School,Houston,Salaried,1
52,57486.0,2707.0,402.0,4,Male,Bachelors,Chicago,Unemployed,0
39,30944.0,36295.0,312.0,12,Female,Masters,San Francisco,Unemployed,0
19,56443.0,26948.0,833.0,16,Male,Bachelors,New York,Salaried,1
34,42887.0,17676.0,772.0,27,Male,PhD,Houston,Self-Employed,1
28,41689.0,14495.0,658.0,33,Male,PhD,New York,Unemployed,0
30,64830.0,16442.0,619.0,4,Male,Bachelors,New York,Unemployed,0
19,47914.0,10560.0,310.0,22,Male,High School,San Francisco,Self-Employed,0
55,67424.0,27171.0,653.0,22,Female,Bachelors,San Francisco,Salaried,1
28,44954.0,8124.0,640.0,14,Female,Masters,San Francisco,Self-Employed,1
57,65718.0,19053.0,609.0,14,Female,PhD,New York,Salaried,1
59,30761.0,14127.0,550.0,14,Female,Masters,Chicago,Unemployed,0
54,43519.0,17557.0,678.0,18,Male,Masters,New York,Unemployed,0
46,60558.0,1131.0,795.0,25,Male,PhD,Houston,Self-Employed,1
69,32881.0,30878.0,579.0,13,Female,PhD,Chicago,Unemployed,1
18,57581.0,17047.0,420.0,1,Male,Bachelors,San Francisco,Salaried,0
63,38415.0,26129.0,538.0,3,Male,Masters,San Francisco,Salaried,0
21,51122.0,34393.0,657.0,36,Female,Bachelors,Houston,Unemployed,0
43,57090.0,22500.0,626.0,30,Female,Bachelors,New York,Self-Employed,1
39,49488.0,27012.0,459.0,17,Male,Masters,San Francisco,Salaried,0
23,67995.0,4845.0,332.0,32,Male,Bachelors,San Francisco,Self-Employed,0
19,43564.0,20702.0,621.0,39,Female,Masters,San Francisco,Unemployed,0
31,67735.0,18009.0,340.0,35,Male,Bachelors,New York,Unemployed,0
46,81358.0,16371.0,785.0,2,Female,Bachelors,San Francisco,Self-Employed,1
69,67338.0,39511.0,680.0,2,Female,Bachelors,Chicago,Unemployed,0
44,65638.0,20473.0,617.0,1,Male,Bachelors,Chicago,Self-Employed,1
37,54063.0,10854.0,787.0,36,Male,Bachelors,Houston,Self-Employed,1
64,60616.0,24967.0,833.0,0,Female,Bachelors,Houston,Self-Employed,1
34,32307.0,32301.0,730.0,2,Female,PhD,Chicago,Unemployed,0
56,42442.0,25699.0,775.0,19,Male,Masters,San Francisco,Salaried,1
57,55705.0,20336.0,635.0,38,Male,High School,San Francisco,Unemployed,0
64,57806.0,22945.0,676.0,17,Male,Masters,Houston,Salaried,1
27,37458.0,35785.0,429.0,36,Male,Masters,San Francisco,Salaried,0
52,52838.0,19369.0,840.0,3,Male,Bachelors,New York,Salaried,1
38,61384.0,22406.0,796.0,33,Female,Masters,Chicago,Salaried,1
58,82243.0,16623.0,478.0,8,Male,PhD,New York,Salaried,0
27,19486.0,13098.0,712.0,29,Male,PhD,Houston,Salaried,0
44,48978.0,21745.0,660.0,16,Male,High School,Houston,Salaried,1
44,49488.0,30111.0,789.0,36,Female,Bachelors,New York,Salaried,1
32,59934.0,21245.0,679.0,39,Male,Bachelors,New York,Salaried,1
37,61479.0,30593.0,794.0,12,Male,High School,New York,Salaried,1
28,12615.0,16117.0,552.0,20,Male,Bachelors,San Francisco,Salaried,0
42,60593.0,29126.0,539.0,35,Male,PhD,Chicago,Self-Employed,0
57,49761.0,15754.0,329.0,14,Male,Bachelors,Houston,Unemployed,0
55,60718.0,7472.0,681.0,36,Female,Masters,New York,Salaried,1
64,39153.0,10199.0,321.0,24,Female,Bachelors,Chicago,Self-Employed,0
67,14176.0,19844.0,783.0,19,Male,PhD,Chicago,Self-Employed,1
34,36312.0,24335.0,709.0,0,Male,Bachelors,Houston,Unemployed,0
36,58928.0,23615.0,648.0,10,Male,Bachelors,New York,Self-Employed,1
59,61030.0,11262.0,353.0,32,Male,High School,San Francisco,Salaried,0
34,56391.0,37264.0,432.0,32,Female,Masters,San Francisco,Unemployed,0
43,33646.0,4358.0,399.0,36,Female,High School,Chicago,Salaried,0
37,33327.0,20058.0,435.0,13,Male,High School,New York,Unemployed,0
56,48716.0,19005.0,821.0,8,Male,PhD,Chicago,Self-Employed,1
53,42343.0,31497.0,840.0,24,Female,Bachelors,New York,Salaried,1
30,57800.0,19454.0,834.0,13,Male,Masters,Houston,Self-Employed,1
59,42961.0,37209.0,444.0,38,Female,PhD,San Francisco,Unemployed,0
68,35183.0,10051.0,441.0,7,Male,High School,Chicago,Self-Employed,0
49,43099.0,17314.0,832.0,13,Female,Bachelors,Houston,Unemployed,0
53,50609.0,21911.0,444.0,22,Male,Masters,New York,Self-Employed,0
38,57878.0,24441.0,653.0,16,Female,High School,New York,Salaried,1
24,46812.0,24154.0,781.0,2,Male,Bachelors,San Francisco,Self-Employed,1
35,44191.0,26347.0,579.0,36,Female,Masters,San Francisco,Salaried,1
24,28242.0,3522.0,847.0,14,Male,High School,Houston,Salaried,0
46,22875.0,12323.0,801.0,16,Female,PhD,New York,Unemployed,1
37,59002.0,17634.0,312.0,0,Female,High School,Chicago,Unemployed,0
27,62149.0,26510.0,663.0,26,Female,Bachelors,San Francisco,Self-Employed,1
37,64609.0,35693.0,688.0,6,Male,Bachelors,Chicago,Self-Employed,1
35,49981.0,20185.0,844.0,30,Male,Masters,Houston,Self-Employed,1
39,50519.0,3284.0,685.0,18,Female,Bachelors,San Francisco,Salaried,1
21,59208.0,23466.0,847.0,30,Male,Bachelors,New York,Unemployed,0
30,44267.0,28791.0,683.0,8,Male,Bachelors,Chicago,Salaried,1
60,51654.0,16360.0,500.0,20,Female,Masters,Chicago,Self-Employed,0
41,61650.0,23660.0,374.0,33,Male,High School,Chicago,Self-Employed,0
31,53394.0,8905.0,387.0,27,Male,High School,Houston,Self-Employed,0
20,27409.0,32741.0,528.0,20,Female,Bachelors,New York,Unemployed,0
22,51843.0,16784.0,524.0,17,Female,High School,San Francisco,Unemployed,0
37,48855.0,14196.0,579.0,32,Male,Bachelors,Chicago,Unemployed,0
39,53192.0,24532.0,633.0,7,Female,PhD,Chicago,Salaried,1
56,38866.0,8265.0,482.0,6,Female,PhD,Houston,Unemployed,0
48,34139.0,18712.0,464.0,35,Male,Masters,Houston,Self-Employed,0
42,32002.0,14251.0,629.0,22,Female,Bachelors,Houston,Self-Employed,0
50,47421.0,12960.0,539.0,17,Female,High School,Chicago,Unemployed,0
55,41069.0,42671.0,624.0,18,Female,PhD,San Francisco,Self-Employed,1
32,48460.0,21873.0,705.0,4,Male,Bachelors,New York,Salaried,1
60,26306.0,18836.0,352.0,8,Female,Masters,New York,Salaried,0
25,54185.0,16788.0,433.0,29,Female,Bachelors,New York,Unemployed,0
41,59212.0,23723.0,365.0,26,Female,Masters,Chicago,Unemployed,0
28,75162.0,17793.0,757.0,9,Female,PhD,New York,Unemployed,0
68,55200.0,28843.0,307.0,20,Female,Bachelors,San Francisco,Self-Employed,0
35,24370.0,23896.0,602.0,1,Male,Masters,Chicago,Unemployed,0
64,61249.0,19914.0,674.0,9,Female,High School,Houston,Salaried,1
50,42384.0,24758.0,601.0,12,Female,Bachelors,Houston,Self-Employed,1
61,68134.0,9779.0,674.0,7,Female,Bachelors,Chicago,Self-Employed,1
19,60534.0,18561.0,625.0,12,Male,PhD,Houston,Self-Employed,1
55,31470.0,20804.0,368.0,5,Male,PhD,San Francisco,Salaried,0
24,40487.0,23348.0,828.0,20,Male,PhD,San Francisco,Self-Employed,1
40,59790.0,23641.0,674.0,35,Female,PhD,Chicago,Salaried,1
61,24233.0,37668.0,435.0,10,Female,High School,Chicago,Self-Employed,0
25,80205.0,8573.0,461.0,15,Female,Bachelors,Houston,Self-Employed,1
42,48390.0,23798.0,789.0,4,Male,Bachelors,Chicago,Self-Employed,1
25,32921.0,31669.0,301.0,26,Female,Bachelors,Chicago,Salaried,1
69,55088.0,31634.0,328.0,14,Male,Bachelors,Chicago,Unemployed,0
18,32735.0,15283.0,698.0,25,Male,Masters,Houston,Salaried,0
51,52655.0,31028.0,656.0,35,Female,PhD,Chicago,Salaried,1
33,11397.0,21791.0,476.0,36,Male,Masters,New York,Unemployed,0
61,54272.0,21251.0,349.0,33,Female,Masters,Houston,Unemployed,0
69,50846.0,17157.0,789.0,22,Female,High School,Chicago,Self-Employed,1
31,48402.0,17577.0,542.0,36,Female,Bachelors,San Francisco,Salaried,0
69,43900.0,9891.0,614.0,11,Male,PhD,Chicago,Self-Employed,1
21,59344.0,16077.0,555.0,39,Male,PhD,Houston,Salaried,0
33,47224.0,21609.0,629.0,26,Female,Masters,New York,Unemployed,0
52,56502.0,9716.0,834.0,13,Female,Bachelors,New York,Unemployed,0
66,51241.0,27007.0,579.0,8,Male,High School,San Francisco,Self-Employed,0
58,38227.0,20223.0,826.0,27,Female,Bachelors,Houston,Self-Employed,0
47,64536.0,22623.0,485.0,30,Male,Bachelors,Chicago,Self-Employed,0
68,52185.0,17476.0,759.0,11,Male,High School,Chicago,Self-Employed,1
57,51906.0,13214.0,605.0,3,Male,Bachelors,San Francisco,Self-Employed,1
19,56031.0,24067.0,808.0,36,Male,Masters,New York,Self-Employed,1
67,25226.0,17942.0,427.0,39,Female,Bachelors,New York,Salaried,0
45,47605.0,15552.0,762.0,17,Male,High School,San Francisco,Salaried,1
58,36567.0,26030.0,576.0,19,Male,High School,San Francisco,Unemployed,0
64,59599.0,25878.0,624.0,31,Female,PhD,New York,Self-Employed,1
43,58142.0,26857.0,454.0,7,Male,High School,Chicago,Self-Employed,0
67,79592.0,15484.0,692.0,2,Male,Masters,Houston,Self-Employed,1
30,36386.0,23355.0,579.0,2,Male,PhD,Houston,Salaried,0
56,65149.0,-456.0,693.0,15,Female,Bachelors,Houston,Salaried,1
55,31124.0,18675.0,389.0,18,Male,Masters,Chicago,Self-Employed,0
45,23533.0,12226.0,797.0,11,Male,Bachelors,Chicago,Self-Employed,0
59,49488.0,12003.0,706.0,15,Male,Bachelors,San Francisco,Salaried,1
35,65679.0,23668.0,795.0,27,Female,Masters,New York,Unemployed,0
37,53531.0,34860.0,822.0,11,Female,Masters,Chicago,Salaried,1
39,50328.0,29536.0,822.0,18,Female,PhD,Houston,Salaried,1
43,53825.0,23300.0,806.0,20,Female,Masters,Houston,Salaried,1
52,66699.0,37764.0,737.0,19,Female,High School,San Francisco,Self-Employed,1
38,35893.0,28690.0,838.0,22,Female,High School,New York,Self-Employed,0
46,46491.0,28765.0,359.0,17,Male,High School,Houston,Self-Employed,0
53,56104.0,24894.0,458.0,13,Female,High School,San Francisco,Unemployed,0
23,61810.0,16915.0,605.0,29,Female,Bachelors,San Francisco,Self-Employed,1
29,27845.0,18202.0,404.0,8,Female,PhD,Chicago,Salaried,0
48,66777.0,14871.0,386.0,27,Male,Bachelors,Chicago,Unemployed,0
36,42191.0,18239.0,778.0,8,Female,High School,Chicago,Self-Employed,1
55,66250.0,34751.0,616.0,33,Male,Bachelors,San Francisco,Self-Employed,1
28,44969.0,21970.0,680.0,21,Female,PhD,San Francisco,Salaried,1
42,49488.0,12672.0,707.0,23,Male,Bachelors,New York,Salaried,1
69,45864.0,10859.0,842.0,32,Male,High School,New York,Salaried,1
42,53602.0,12725.0,618.0,35,Female,Bachelors,Chicago,Salaried,1
53,79358.0,29879.0,356.0,3,Female,Bachelors,Houston,Unemployed,0
29,52634.0,27393.0,815.0,3,Male,Bachelors,Chicago,Self-Employed,1
68,66399.0,36816.0,469.0,1,Female,PhD,San Francisco,Self-Employed,0
50,19709.0,26533.0,386.0,11,Male,Bachelors,Chicago,Unemployed,0
18,59975.0,31723.0,713.0,2,Male,Masters,New York,Salaried,1
38,48568.0,15845.0,725.0,7,Male,Masters,Chicago,Self-Employed,1
42,45707.0,24330.0,764.0,10,Male,PhD,Houston,Salaried,1
39,66833.0,17555.0,812.0,35,Male,Bachelors,New York,Self-Employed,1
42,49836.0,26052.0,769.0,35,Female,Masters,New York,Salaried,1
46,49488.0,33076.0,493.0,21,Male,Masters,San Francisco,Salaried,0
53,57677.0,8206.0,524.0,12,Male,High School,Chicago,Unemployed,0
29,44991.0,17538.0,547.0,23,Female,Bachelors,Houston,Self-Employed,0
46,15171.0,19709.0,475.0,3,Male,Masters,Houston,Salaried,0
61,49899.0,8880.0,309.0,0,Male,PhD,Houston,Self-Employed,1
21,53582.0,25906.0,737.0,20,Male,High School,New York,Salaried,1
22,30325.0,18436.0,568.0,38,Female,Bachelors,New York,Salaried,0
55,44752.0,22300.0,518.0,6,Female,Bachelors,Chicago,Self-Employed,0
35,52427.0,21396.0,397.0,19,Female,PhD,San Francisco,Unemployed,0
62,52628.0,34065.0,579.0,21,Female,Masters,New York,Salaried,0
49,70200.0,6308.0,310.0,14,Female,Masters,New York,Self-Employed,0
25,76238.0,12265.0,767.0,1,Female,Masters,Chicago,Salaried,1
24,65183.0,15278.0,389.0,7,Female,PhD,San Francisco,Self-Employed,0
33,61915.0,27717.0,537.0,8,Male,PhD,San Francisco,Self-Employed,0
59,33323.0,7439.0,667.0,5,Male,Bachelors,Houston,Unemployed,0
36,51827.0,28418.0,354.0,0,Female,Bachelors,Houston,Salaried,0
19,63028.0,5245.0,396.0,22,Male,Bachelors,New York,Salaried,0
53,45544.0,32106.0,641.0,10,Male,High School,San Francisco,Salaried,1
24,45083.0,21991.0,594.0,2,Female,PhD,New York,Self-Employed,0
62,22084.0,24325.0,457.0,13,Female,Bachelors,Chicago,Salaried,0
48,62883.0,22317.0,612.0,28,Male,Bachelors,San Francisco,Self-Employed,1
49,50547.0,23130.0,519.0,36,Male,Bachelors,Houston,Self-Employed,0
29,37697.0,9324.0,407.0,21,Female,Masters,Houston,Salaried,0
37,48436.0,37691.0,800.0,12,Male,Masters,Houston,Salaried,1
51,57072.0,17015.0,431.0,0,Male,PhD,Houston,Salaried,0
61,79989.0,4493.0,579.0,0,Male,PhD,Houston,Salaried,0
58,74747.0,17349.0,310.0,32,Male,PhD,New York,Salaried,0
68,56350.0,12693.0,817.0,35,Female,High School,Houston,Self-Employed,1
52,56781.0,6447.0,315.0,39,Female,PhD,Chicago,Salaried,0
42,49488.0,21918.0,549.0,14,Male,High School,Houston,Salaried,0
39,49488.0,19507.0,579.0,20,Male,Bachelors,San Francisco,Self-Employed,1
37,48959.0,15033.0,807.0,31,Male,High School,San Francisco,Salaried,1
38,42119.0,5283.0,579.0,2,Female,Bachelors,Houston,Salaried,0
38,58830.0,32992.0,668.0,23,Female,Masters,San Francisco,Self-Employed,1
52,32318.0,16065.0,313.0,7,Female,Bachelors,New York,Unemployed,0
44,67469.0,17816.0,639.0,24,Male,High School,New York,Salaried,1
36,55838.0,15455.0,742.0,24,Female,Bachelors,San Francisco,Self-Employed,1
23,52702.0,14109.0,684.0,37,Female,High School,San Francisco,Self-Employed,1
21,50577.0,24044.0,644.0,22,Male,PhD,New York,Self-Employed,1
51,48468.0,19876.0,599.0,28,Female,PhD,New York,Self-Employed,0
52,45408.0,16018.0,604.0,15,Male,Bachelors,San Francisco,Self-Employed,1
55,98602.0,9555.0,334.0,18,Male,High School,Chicago,Unemployed,0
59,58448.0,14057.0,809.0,27,Female,Bachelors,San Francisco,Self-Employed,1
38,26696.0,29231.0,657.0,5,Female,Bachelors,San Francisco,Self-Employed,0
30,54765.0,1325.0,707.0,3,Female,Bachelors,Chicago,Self-Employed,1
26,36515.0,9810.0,327.0,31,Male,PhD,Chicago,Unemployed,0
39,68186.0,17120.0,565.0,1,Female,PhD,Houston,Unemployed,0
21,49655.0,9840.0,735.0,31,Male,Masters,Houston,Self-Employed,1
43,49030.0,20496.0,847.0,11,Female,Masters,San Francisco,Self-Employed,1
55,43658.0,23612.0,731.0,2,Female,Masters,San Francisco,Salaried,1
66,49488.0,8563.0,706.0,19,Male,Masters,Chicago,Unemployed,0
66,41812.0,17958.0,622.0,26,Male,Masters,Houston,Salaried,0
43,23397.0,12434.0,729.0,3,Male,PhD,Houston,Self-Employed,0
33,72620.0,10057.0,564.0,10,Female,Bachelors,Chicago,Unemployed,0
51,45757.0,20867.0,683.0,33,Male,PhD,Houston,Self-Employed,1
41,63420.0,26013.0,686.0,30,Male,PhD,Houston,Salaried,1
60,58295.0,27900.0,720.0,8,Female,High School,Houston,Self-Employed,1
25,65973.0,26616.0,518.0,9,Female,Masters,Houston,Self-Employed,0
28,50516.0,27330.0,337.0,7,Male,Bachelors,Chicago,Salaried,0
42,51220.0,12760.0,697.0,20,Male,Bachelors,New York,Self-Employed,1
46,43676.0,14118.0,845.0,9,Male,PhD,San Francisco,Self-Employed,1
35,62605.0,31637.0,770.0,36,Female,High School,San Francisco,Self-Employed,1
28,41417.0,34132.0,771.0,16,Female,PhD,New York,Salaried,1
58,57267.0,13589.0,842.0,5,Male,PhD,Houston,Self-Employed,1
41,71186.0,22900.0,605.0,23,Male,High School,San Francisco,Self-Employed,1
61,35759.0,13011.0,614.0,30,Male,PhD,New York,Unemployed,0
30,67100.0,21016.0,617.0,6,Male,High School,San Francisco,Self-Employed,1
64,39298.0,31396.0,636.0,0,Female,Bachelors,New York,Salaried,0
53,61290.0,8297.0,579.0,14,Male,Bachelors,Chicago,Salaried,0
61,67855.0,15106.0,751.0,10,Female,Bachelors,San Francisco,Self-Employed,1
47,58935.0,14932.0,454.0,19,Male,Bachelors,Chicago,Self-Employed,0
53,60148.0,29031.0,705.0,25,Male,Bachelors,New York,Self-Employed,1
42,40701.0,15229.0,577.0,22,Female,Masters,San Francisco,Self-Employed,0
35,47911.0,35026.0,663.0,4,Male,Masters,Chicago,Self-Employed,1
64,46568.0,23612.0,655.0,20,Female,Bachelors,San Francisco,Self-Employed,1
51,54405.0,10532.0,383.0,4,Male,High School,Houston,Self-Employed,0
59,55628.0,33437.0,406.0,36,Male,High School,Houston,Salaried,0
25,37408.0,21909.0,636.0,18,Male,Masters,Chicago,Salaried,0
60,58834.0,9834.0,766.0,14,Female,High School,Chicago,Salaried,1
30,13070.0,10326.0,414.0,3,Male,High School,San Francisco,Self-Employed,0
32,38629.0,19885.0,822.0,38,Female,PhD,New York,Salaried,0
34,45010.0,14098.0,686.0,7,Female,High School,San Francisco,Self-Employed,1
23,44506.0,25275.0,699.0,5,Male,Bachelors,San Francisco,Self-Employed,1
53,57500.0,12257.0,698.0,24,Female,Masters,New York,Self-Employed,1
61,85861.0,13755.0,310.0,27,Female,Bachelors,New York,Self-Employed,0
18,64330.0,21800.0,516.0,21,Female,Bachelors,Chicago,Self-Employed,0
29,39541.0,28711.0,575.0,13,Female,Bachelors,Chicago,Unemployed,0
42,47242.0,18479.0,461.0,22,Female,High School,San Francisco,Salaried,1
20,67689.0,32278.0,403.0,34,Female,Bachelors,New York,Salaried,0
41,37960.0,14457.0,727.0,14,Male,Bachelors,Houston,Self-Employed,0
43,49488.0,23153.0,367.0,31,Male,Bachelors,New York,Salaried,0
57,49891.0,35293.0,621.0,36,Male,High School,Chicago,Unemployed,0
31,63428.0,13119.0,343.0,39,Male,PhD,Houston,Unemployed,0
23,65527.0,35274.0,797.0,1,Female,PhD,San Francisco,Salaried,1
57,70945.0,29062.0,400.0,22,Male,High School,New York,Unemployed,0
60,43193.0,18268.0,825.0,27,Male,Bachelors,New York,Salaried,1
62,43202.0,17762.0,582.0,4,Female,Masters,Chicago,Salaried,0
54,44473.0,715.0,687.0,12,Male,Masters,Chicago,Self-Employed,1
49,26391.0,17941.0,620.0,3,Male,Bachelors,New York,Unemployed,1
44,71986.0,15489.0,615.0,2,Female,High School,Houston,Salaried,1
27,50547.0,11000.0,578.0,35,Male,Masters,San Francisco,Self-Employed,0
30,49775.0,14138.0,352.0,39,Male,Bachelors,New York,Unemployed,0
24,49008.0,18383.0,412.0,7,Female,Masters,San Francisco,Salaried,0
62,46504.0,19584.0,661.0,11,Male,Bachelors,New York,Unemployed,0
47,36485.0,22646.0,390.0,2,Female,PhD,Houston,Salaried,1
39,35401.0,-4250.0,615.0,32,Female,PhD,Chicago,Unemployed,0
54,71096.0,17713.0,647.0,25,Male,PhD,Chicago,Self-Employed,1
64,71109.0,26022.0,673.0,19,Female,Masters,San Francisco,Self-Employed,1
49,45426.0,14337.0,757.0,28,Male,Bachelors,San Francisco,Salaried,1
31,24772.0,27276.0,334.0,39,Female,Masters,Houston,Self-Employed,0
54,40560.0,21999.0,782.0,3,Female,High School,San Francisco,Self-Employed,1
22,60075.0,3226.0,624.0,1,Female,Masters,San Francisco,Self-Employed,1
41,69963.0,10168.0,691.0,21,Female,PhD,Chicago,Self-Employed,1
41,22459.0,30893.0,579.0,8,Male,High School,Chicago,Unemployed,0
61,65735.0,20213.0,655.0,8,Male,Masters,San Francisco,Unemployed,0
58,60578.0,31602.0,585.0,38,Female,Masters,San Francisco,Salaried,0
39,73604.0,31004.0,687.0,21,Male,Bachelors,Chicago,Salaried,1
58,41690.0,35094.0,634.0,2,Male,Masters,Houston,Salaried,1
46,41091.0,22856.0,599.0,18,Female,High School,Chicago,Self-Employed,0
24,44294.0,29942.0,609.0,9,Male,Bachelors,Houston,Self-Employed,1
24,64501.0,9354.0,665.0,2,Male,Bachelors,New York,Salaried,1
38,43880.0,33146.0,844.0,11,Male,PhD,New York,Salaried,1
54,45817.0,21820.0,817.0,12,Male,Bachelors,Houston,Self-Employed,1
49,69003.0,26770.0,642.0,23,Male,PhD,San Francisco,Salaried,1
54,27869.0,27477.0,579.0,31,Male,Masters,New York,Unemployed,1
27,70664.0,24057.0,814.0,37,Female,High School,San Francisco,Self-Employed,1
22,48269.0,19755.0,759.0,6,Male,Bachelors,New York,Salaried,1
28,75400.0,33593.0,758.0,18,Male,Masters,New York,Self-Employed,1
46,68366.0,9726.0,775.0,32,Female,PhD,Chicago,Salaried,1
21,67940.0,19356.0,829.0,12,Female,PhD,New York,Self-Employed,1
40,39282.0,11765.0,324.0,29,Male,Bachelors,San Francisco,Salaried,0
30,70572.0,20421.0,759.0,10,Female,Bachelors,San Francisco,Unemployed,0
51,35682.0,6670.0,615.0,33,Female,High School,New York,Self-Employed,1
24,29960.0,27092.0,613.0,9,Female,PhD,Chicago,Salaried,0
19,40157.0,30189.0,529.0,26,Female,Bachelors,San Francisco,Salaried,0
19,69341.0,15113.0,810.0,7,Female,PhD,New York,Self-Employed,1
53,57070.0,17504.0,360.0,28,Male,PhD,Houston,Self-Employed,0
24,42901.0,27453.0,824.0,14,Male,PhD,New York,Self-Employed,1
43,57270.0,25931.0,579.0,35,Female,High School,Houston,Self-Employed,0
62,81481.0,15660.0,643.0,27,Female,PhD,San Francisco,Self-Employed,1
35,52823.0,26017.0,679.0,7,Female,PhD,Chicago,Salaried,1
45,47212.0,19349.0,559.0,32,Female,Masters,Houston,Unemployed,0
30,47048.0,35902.0,762.0,16,Male,High School,Chicago,Salaried,1
30,60270.0,16705.0,509.0,6,Female,PhD,New York,Self-Employed,1
63,49488.0,24020.0,820.0,30,Male,PhD,Chicago,Unemployed,0
56,50845.0,7102.0,843.0,35,Female,Bachelors,Houston,Salaried,1
33,38233.0,21219.0,658.0,21,Female,PhD,Chicago,Unemployed,0
41,51155.0,18962.0,610.0,22,Female,Masters,New York,Self-Employed,1
45,41992.0,33762.0,646.0,18,Female,High School,Chicago,Salaried,1
54,68189.0,11230.0,533.0,17,Male,High School,New York,Unemployed,0
28,68856.0,29110.0,640.0,33,Male,Masters,Houston,Salaried,1
54,42179.0,14382.0,581.0,19,Male,Bachelors,Houston,Salaried,0
56,58953.0,30764.0,658.0,20,Female,Masters,Chicago,Self-Employed,1
25,45312.0,17084.0,848.0,5,Male,PhD,New York,Unemployed,1
45,57663.0,21689.0,792.0,10,Male,Bachelors,San Francisco,Salaried,1
59,47802.0,24574.0,660.0,36,Male,PhD,Houston,Self-Employed,1
65,56316.0,17726.0,408.0,31,Female,Bachelors,Chicago,Self-Employed,0
60,39803.0,26091.0,424.0,24,Female,Bachelors,New York,Salaried,0
38,66420.0,16758.0,590.0,30,Male,High School,Houston,Unemployed,0
59,44347.0,22251.0,670.0,20,Male,PhD,Chicago,Self-Employed,1
47,30730.0,15418.0,774.0,27,Male,Bachelors,San Francisco,Salaried,0
19,64146.0,21155.0,755.0,6,Male,PhD,Houston,Unemployed,0
64,84422.0,18363.0,758.0,35,Female,Bachelors,New York,Self-Employed,1
23,51794.0,19391.0,757.0,28,Female,PhD,Chicago,Salaried,1
57,52100.0,9863.0,404.0,18,Female,PhD,San Francisco,Self-Employed,0
64,33478.0,17558.0,358.0,16,Male,Bachelors,Chicago,Unemployed,0
35,57044.0,10629.0,595.0,26,Female,High School,New York,Unemployed,0
52,49488.0,14667.0,445.0,19,Male,PhD,New York,Unemployed,0
36,54891.0,20796.0,817.0,9,Male,High School,Houston,Salaried,1
40,79016.0,30195.0,840.0,18,Male,High School,New York,Self-Employed,1
57,52900.0,18506.0,361.0,2,Female,PhD,San Francisco,Unemployed,1
47,44993.0,14357.0,825.0,1,Male,PhD,San Francisco,Salaried,1
38,53451.0,7572.0,781.0,26,Male,Bachelors,New York,Salaried,1
49,53356.0,27367.0,753.0,20,Female,High School,New York,Salaried,1
50,53887.0,24437.0,568.0,28,Male,Masters,Chicago,Unemployed,0
34,46675.0,8338.0,765.0,19,Female,Bachelors,Houston,Self-Employed,1
30,48676.0,14604.0,362.0,15,Male,Bachelors,New York,Self-Employed,0
59,79563.0,22287.0,399.0,1,Female,Masters,New York,Salaried,0
47,43306.0,15874.0,801.0,15,Female,Masters,Houston,Salaried,1
53,51123.0,26486.0,762.0,3,Male,Masters,Chicago,Salaried,1
68,45717.0,6351.0,639.0,39,Male,High School,New York,Unemployed,0
42,62298.0,18860.0,526.0,18,Male,Masters,San Francisco,Salaried,0
27,31366.0,20638.0,483.0,29,Male,PhD,Chicago,Self-Employed,0
69,40940.0,14967.0,714.0,19,Male,Masters,Chicago,Salaried,1
39,39850.0,25311.0,762.0,8,Female,Bachelors,Chicago,Salaried,0
18,63160.0,23413.0,441.0,18,Female,High School,San Francisco,Salaried,0
20,42505.0,17133.0,573.0,30,Female,Bachelors,Houston,Unemployed,0
62,51682.0,18521.0,587.0,4,Male,Bachelors,Houston,Self-Employed,0
57,68930.0,18624.0,775.0,39,Male,PhD,San Francisco,Unemployed,0
39,40289.0,28549.0,658.0,38,Male,Masters,San Francisco,Salaried,1
39,42624.0,21289.0,547.0,39,Male,PhD,Chicago,Unemployed,0
66,32242.0,21782.0,481.0,36,Female,PhD,Chicago,Unemployed,0
47,49923.0,13345.0,538.0,9,Male,High School,San Francisco,Unemployed,0
46,49771.0,23492.0,577.0,7,Male,PhD,New York,Self-Employed,0
28,64243.0,30824.0,807.0,7,Male,Masters,San Francisco,Salaried,1
28,58082.0,23706.0,718.0,32,Female,Bachelors,New York,Unemployed,0
33,63522.0,24764.0,579.0,32,Female,High School,Houston,Unemployed,0
53,49488.0,25029.0,392.0,0,Male,High School,Chicago,Unemployed,0
40,60518.0,30393.0,653.0,21,Female,PhD,San Francisco,Self-Employed,1
24,56160.0,7968.0,584.0,39,Female,High School,San Francisco,Self-Employed,0
69,35731.0,21282.0,359.0,38,Female,Bachelors,Houston,Self-Employed,0
58,18612.0,15720.0,652.0,18,Female,Bachelors,San Francisco,Unemployed,0
18,58892.0,15361.0,754.0,9,Female,PhD,New York,Self-Employed,1
68,40564.0,4452.0,806.0,8,Male,Bachelors,Houston,Self-Employed,1
43,48741.0,18963.0,818.0,11,Female,Masters,San Francisco,Salaried,1
39,41778.0,12014.0,384.0,37,Male,Masters,Houston,Self-Employed,0
62,47465.0,18051.0,780.0,37,Female,High School,San Francisco,Salaried,1
68,46550.0,18870.0,331.0,3,Female,Masters,San Francisco,Unemployed,0
23,65916.0,16535.0,363.0,16,Male,PhD,San Francisco,Unemployed,0
68,59256.0,23777.0,506.0,8,Male,Masters,Houston,Self-Employed,0
21,37438.0,27754.0,768.0,17,Female,Bachelors,Houston,Self-Employed,0
45,50343.0,10822.0,318.0,30,Male,Bachelors,Chicago,Self-Employed,0
24,34372.0,16814.0,667.0,25,Male,Masters,Chicago,Self-Employed,0
39,13906.0,7758.0,396.0,23,Female,High School,Chicago,Unemployed,0
19,41039.0,17897.0,579.0,20,Female,High School,San Francisco,Self-Employed,0
57,79162.0,10517.0,571.0,5,Female,Bachelors,Houston,Unemployed,0
44,49488.0,20394.0,611.0,20,Male,Masters,New York,Self-Employed,1
34,63749.0,30886.0,429.0,39,Male,Masters,San Francisco,Salaried,0
19,40856.0,10847.0,740.0,3,Female,Bachelors,Houston,Unemployed,0
68,71324.0,14716.0,643.0,16,Male,Masters,San Francisco,Self-Employed,1
57,43544.0,17267.0,705.0,31,Male,PhD,New York,Salaried,1
65,47194.0,13192.0,729.0,21,Male,Bachelors,Chicago,Salaried,1
66,66576.0,20730.0,733.0,9,Female,Bachelors,San Francisco,Self-Employed,1
59,38285.0,14519.0,646.0,13,Male,Masters,San Francisco,Salaried,0
33,79953.0,18397.0,579.0,21,Male,Bachelors,Chicago,Self-Employed,0
52,48543.0,21063.0,628.0,9,Female,PhD,Chicago,Self-Employed,1
58,74509.0,16627.0,774.0,36,Male,Masters,New York,Self-Employed,1
65,68130.0,7289.0,671.0,32,Male,Masters,Houston,Self-Employed,1
36,60689.0,18134.0,347.0,27,Male,Masters,Chicago,Self-Employed,0
43,37229.0,25346.0,300.0,34,Female,Bachelors,Chicago,Self-Employed,0
20,59535.0,20802.0,468.0,26,Male,PhD,New York,Unemployed,0
51,57403.0,36584.0,823.0,23,Male,Bachelors,San Francisco,Salaried,1
45,49488.0,9068.0,602.0,31,Male,PhD,New York,Self-Employed,1
63,50758.0,23176.0,703.0,3,Female,Masters,Houston,Self-Employed,1
56,28506.0,23961.0,537.0,7,Male,Bachelors,Chicago,Salaried,0
49,66450.0,15412.0,640.0,21,Male,High School,New York,Unemployed,0
54,57670.0,15422.0,366.0,29,Female,Bachelors,San Francisco,Unemployed,0
47,42316.0,23603.0,667.0,39,Male,PhD,Chicago,Salaried,1
29,66165.0,25215.0,707.0,36,Female,Masters,New York,Unemployed,0
40,46395.0,24413.0,395.0,7,Female,Masters,Chicago,Salaried,0
51,46428.0,22485.0,435.0,17,Male,PhD,Houston,Salaried,1
20,56608.0,26115.0,747.0,25,Female,Bachelors,New York,Self-Employed,1
29,46382.0,24712.0,727.0,31,Male,PhD,Houston,Salaried,1
60,54067.0,15334.0,673.0,37,Female,Masters,Chicago,Unemployed,0
20,75385.0,1503.0,652.0,12,Male,High School,New York,Self-Employed,1
52,55158.0,24951.0,618.0,20,Female,PhD,San Francisco,Unemployed,0
20,50857.0,25970.0,626.0,24,Female,Masters,San Francisco,Salaried,1
21,45773.0,27116.0,630.0,25,Female,PhD,New York,Self-Employed,1
26,75327.0,37664.0,716.0,3,Male,Masters,Chicago,Self-Employed,1
56,31450.0,24445.0,470.0,23,Male,PhD,San Francisco,Unemployed,0
31,58639.0,22703.0,681.0,21,Female,PhD,New York,Self-Employed,1
40,36615.0,27484.0,573.0,3,Male,High School,New York,Salaried,0
66,50085.0,14824.0,646.0,4,Male,High School,San Francisco,Salaried,1
37,49488.0,22361.0,418.0,27,Female,High School,Houston,Self-Employed,0
45,72688.0,17439.0,609.0,2,Male,Bachelors,San Francisco,Self-Employed,1
68,37678.0,17709.0,309.0,30,Female,Masters,Houston,Unemployed,0
20,33382.0,30624.0,685.0,33,Male,Bachelors,San Francisco,Salaried,0
54,70989.0,23129.0,767.0,29,Male,Bachelors,Chicago,Self-Employed,1
45,49469.0,8706.0,549.0,24,Male,PhD,Houston,Salaried,0
66,63740.0,10278.0,713.0,25,Male,PhD,New York,Unemployed,0
62,49971.0,23239.0,806.0,22,Female,Masters,New York,Salaried,1
32,53530.0,6423.0,542.0,19,Male,Masters,Chicago,Unemployed,0
50,45828.0,22998.0,368.0,32,Female,Masters,New York,Unemployed,0
38,44561.0,15787.0,746.0,28,Female,Masters,Houston,Salaried,1
25,45233.0,29686.0,837.0,23,Female,Bachelors,New York,Self-Employed,1
54,77941.0,17528.0,515.0,3,Female,PhD,New York,Unemployed,0
61,55970.0,25614.0,754.0,2,Female,Bachelors,San Francisco,Salaried,0
42,49364.0,34136.0,744.0,10,Male,PhD,San Francisco,Self-Employed,1
48,53149.0,17949.0,300.0,25,Female,High School,Houston,Salaried,0
62,89573.0,16078.0,750.0,10,Male,High School,New York,Salaried,1
40,28990.0,20180.0,311.0,35,Male,Bachelors,New York,Self-Employed,0
20,52198.0,7184.0,340.0,13,Female,Masters,Chicago,Salaried,0
27,44083.0,10920.0,715.0,14,Female,Masters,Chicago,Self-Employed,1
61,44678.0,15965.0,844.0,24,Female,Bachelors,Chicago,Salaried,1
55,25297.0,24981.0,370.0,8,Female,Bachelors,San Francisco,Salaried,0
61,51368.0,14953.0,503.0,16,Male,Masters,Houston,Unemployed,0
21,49869.0,6283.0,555.0,18,Female,PhD,San Francisco,Self-Employed,0
38,43866.0,20426.0,609.0,22,Female,Masters,New York,Self-Employed,1
46,54934.0,21866.0,831.0,23,Male,Bachelors,Chicago,Salaried,1
46,49488.0,19693.0,627.0,14,Female,High School,Chicago,Self-Employed,1
58,49411.0,28119.0,626.0,17,Male,Bachelors,Houston,Salaried,1
66,65488.0,24503.0,420.0,12,Female,Bachelors,New York,Self-Employed,0
33,16156.0,25789.0,335.0,11,Female,High School,Chicago,Unemployed,0
43,49329.0,30922.0,663.0,1,Female,PhD,San Francisco,Self-Employed,1
40,65562.0,8404.0,835.0,7,Male,PhD,Chicago,Salaried,1
51,59614.0,38518.0,307.0,1,Female,Masters,Chicago,Salaried,0
66,49086.0,20561.0,727.0,17,Male,PhD,New York,Salaried,1
45,60160.0,25825.0,599.0,19,Male,High School,Houston,Salaried,0
57,73382.0,31554.0,437.0,38,Female,PhD,Houston,Self-Employed,0
64,71388.0,16184.0,651.0,23,Male,High School,Chicago,Self-Employed,1
33,64289.0,26027.0,700.0,17,Female,High School,Chicago,Salaried,1
34,38424.0,19918.0,530.0,26,Male,Bachelors,Houston,Unemployed,0
60,55571.0,20687.0,720.0,36,Male,PhD,New York,Salaried,1
40,52980.0,23427.0,830.0,24,Male,PhD,Chicago,Salaried,1
50,26170.0,20518.0,614.0,15,Male,Masters,San Francisco,Unemployed,1
69,50466.0,12364.0,812.0,29,Male,Bachelors,San Francisco,Self-Employed,1
26,66178.0,18752.0,579.0,36,Female,PhD,Chicago,Salaried,0
45,28746.0,10007.0,694.0,25,Male,Bachelors,Houston,Self-Employed,0
62,32942.0,9179.0,592.0,16,Female,High School,San Francisco,Salaried,0
59,60377.0,15514.0,539.0,14,Male,PhD,Chicago,Salaried,0
45,38745.0,30783.0,499.0,27,Female,Masters,San Francisco,Unemployed,0
68,44554.0,23978.0,408.0,21,Female,Bachelors,Houston,Self-Employed,0
47,53460.0,13575.0,416.0,35,Male,Bachelors,Houston,Unemployed,0
49,61301.0,32833.0,446.0,22,Male,Bachelors,Chicago,Salaried,0
26,60158.0,27909.0,338.0,9,Male,Bachelors,New York,Salaried,0
64,83083.0,20143.0,301.0,1,Male,Bachelors,Chicago,Salaried,0
29,54769.0,18641.0,781.0,18,Male,High School,Houston,Self-Employed,1
22,28500.0,24058.0,849.0,12,Female,Bachelors,New York,Salaried,1
25,73987.0,39461.0,667.0,31,Male,PhD,San Francisco,Salaried,1
69,67405.0,28975.0,522.0,16,Male,Masters,Houston,Salaried,0
48,71489.0,30959.0,576.0,10,Female,High School,San Francisco,Salaried,1
66,42810.0,25356.0,300.0,4,Male,Masters,Chicago,Salaried,1
51,57975.0,21453.0,300.0,17,Male,Masters,Chicago,Salaried,0
19,34036.0,27485.0,415.0,22,Female,Masters,San Francisco,Unemployed,0
52,51316.0,14423.0,636.0,27,Male,Bachelors,San Francisco,Self-Employed,1
41,72563.0,11538.0,616.0,38,Male,Bachelors,Houston,Self-Employed,1
61,64510.0,26740.0,731.0,19,Male,Bachelors,San Francisco,Salaried,1
42,60984.0,34482.0,732.0,8,Male,PhD,Chicago,Self-Employed,1
21,39141.0,17901.0,532.0,2,Female,Bachelors,Chicago,Unemployed,0
40,47584.0,21497.0,709.0,38,Male,High School,Chicago,Salaried,1
69,64864.0,15572.0,531.0,10,Female,PhD,New York,Self-Employed,0
35,29690.0,8001.0,354.0,11,Male,Masters,San Francisco,Self-Employed,0
18,54155.0,19697.0,403.0,24,Male,PhD,San Francisco,Self-Employed,0
28,53222.0,21119.0,780.0,15,Female,PhD,Chicago,Salaried,1
49,62890.0,20358.0,773.0,31,Female,Masters,Chicago,Salaried,1
61,33831.0,-1341.0,825.0,12,Male,Masters,Chicago,Unemployed,0
53,48335.0,5026.0,617.0,28,Male,High School,Chicago,Salaried,1
65,54787.0,16269.0,839.0,28,Male,PhD,New York,Unemployed,0
24,21103.0,11157.0,659.0,31,Male,Bachelors,Chicago,Unemployed,0
51,41666.0,27132.0,579.0,28,Female,Masters,New York,Salaried,0
48,39345.0,14425.0,446.0,26,Female,High School,New York,Unemployed,0
43,58394.0,23958.0,594.0,15,Male,Masters,New York,Salaried,0
58,39085.0,7028.0,810.0,8,Male,Bachelors,Chicago,Salaried,0
35,59156.0,27719.0,579.0,5,Male,Bachelors,San Francisco,Self-Employed,0
36,69581.0,36180.0,313.0,34,Female,Bachelors,New York,Unemployed,0
19,33652.0,1720.0,749.0,30,Male,Bachelors,San Francisco,Salaried,0
21,30884.0,18422.0,307.0,31,Male,PhD,New York,Self-Employed,0
29,54121.0,25889.0,380.0,39,Male,High School,San Francisco,Unemployed,0
51,31712.0,13753.0,371.0,27,Male,Bachelors,Chicago,Salaried,0
24,36780.0,23383.0,579.0,23,Male,Masters,Houston,Salaried,0
26,32722.0,18821.0,725.0,13,Female,High School,New York,Unemployed,1
32,21426.0,27997.0,341.0,17,Female,Masters,New York,Self-Employed,0
37,50061.0,24300.0,424.0,16,Male,Bachelors,San Francisco,Self-Employed,0
49,31864.0,14307.0,734.0,36,Female,PhD,Houston,Self-Employed,0
65,47388.0,4744.0,363.0,20,Female,Masters,Chicago,Self-Employed,1
60,46371.0,30870.0,693.0,34,Female,PhD,New York,Salaried,1
54,45589.0,29052.0,311.0,13,Female,PhD,New York,Unemployed,0
20,43627.0,25147.0,584.0,27,Male,PhD,Houston,Unemployed,0
67,49488.0,26740.0,825.0,38,Female,PhD,Houston,Salaried,1
64,47962.0,18957.0,551.0,5,Female,PhD,San Francisco,Unemployed,0
65,48647.0,14395.0,747.0,38,Female,Masters,Houston,Salaried,1
28,52387.0,15739.0,847.0,13,Male,Bachelors,Houston,Salaried,1
56,33197.0,29766.0,554.0,38,Male,Bachelors,Chicago,Self-Employed,0
25,47716.0,9501.0,634.0,7,Male,High School,Houston,Salaried,1
68,88320.0,5287.0,705.0,4,Male,Bachelors,Houston,Self-Employed,1
52,43944.0,18351.0,825.0,32,Female,Bachelors,San Francisco,Self-Employed,1
18,51930.0,25074.0,751.0,4,Female,Masters,Chicago,Unemployed,0
54,59710.0,15337.0,788.0,34,Male,PhD,Chicago,Self-Employed,1
68,54345.0,21298.0,687.0,36,Male,PhD,Houston,Self-Employed,1
36,64491.0,19680.0,723.0,35,Female,PhD,Chicago,Salaried,1
61,40238.0,8674.0,845.0,19,Female,Bachelors,New York,Salaried,1
51,59426.0,30433.0,766.0,22,Female,Masters,New York,Unemployed,0
41,42348.0,14216.0,807.0,20,Female,PhD,San Francisco,Self-Employed,1
51,40124.0,26946.0,784.0,39,Female,High School,Houston,Self-Employed,1
60,59818.0,12441.0,665.0,19,Male,Bachelors,New York,Salaried,1
30,63030.0,35705.0,376.0,2,Female,High School,New York,Unemployed,0
44,41756.0,11000.0,829.0,37,Female,High School,Chicago,Self-Employed,1
42,47439.0,22660.0,750.0,14,Female,Masters,Chicago,Salaried,1
60,45475.0,30641.0,808.0,36,Male,Bachelors,Houston,Self-Employed,1
69,56384.0,-1126.0,755.0,38,Male,Masters,Houston,Unemployed,0
43,49488.0,31340.0,688.0,34,Male,Bachelors,San Francisco,Self-Employed,1
58,49347.0,15265.0,319.0,9,Male,High School,Houston,Unemployed,1
32,42118.0,30397.0,776.0,39,Female,PhD,New York,Self-Employed,1
69,37531.0,9029.0,750.0,12,Female,PhD,Chicago,Self-Employed,0
61,57336.0,21984.0,837.0,20,Male,Bachelors,Houston,Self-Employed,1
37,66071.0,3594.0,810.0,25,Male,Bachelors,New York,Self-Employed,1
62,70054.0,30073.0,397.0,18,Male,Bachelors,Chicago,Unemployed,0
53,58300.0,34226.0,369.0,31,Female,High School,San Francisco,Salaried,0
19,75011.0,31974.0,675.0,34,Female,Bachelors,Houston,Salaried,1
27,68070.0,16204.0,534.0,30,Male,PhD,Chicago,Salaried,0
21,48020.0,27338.0,839.0,17,Female,Masters,Chicago,Self-Employed,1
52,36479.0,28235.0,621.0,24,Female,High School,Houston,Salaried,0
29,73582.0,11222.0,482.0,33,Female,PhD,San Francisco,Self-Employed,0
47,63576.0,20261.0,820.0,6,Female,PhD,Chicago,Salaried,1
49,63008.0,13758.0,742.0,23,Female,High School,Chicago,Salaried,1
60,17020.0,16154.0,558.0,31,Female,PhD,Houston,Self-Employed,1
40,48331.0,36967.0,776.0,30,Female,Bachelors,San Francisco,Salaried,1
36,61425.0,28020.0,690.0,19,Female,High School,San Francisco,Salaried,1
44,69361.0,16258.0,336.0,33,Male,PhD,Houston,Self-Employed,0
32,45559.0,21028.0,731.0,33,Male,Bachelors,San Francisco,Self-Employed,1
52,24378.0,17786.0,304.0,4,Male,PhD,San Francisco,Salaried,0
64,46686.0,22904.0,775.0,39,Male,Bachelors,Houston,Self-Employed,1
59,41719.0,37837.0,642.0,10,Male,Bachelors,Houston,Salaried,1
19,45488.0,16050.0,550.0,30,Male,Masters,New York,Unemployed,0
36,44828.0,18058.0,371.0,37,Male,Bachelors,Chicago,Unemployed,1
53,48622.0,21068.0,791.0,5,Male,Bachelors,Chicago,Unemployed,1
48,33691.0,10797.0,442.0,27,Female,Bachelors,San Francisco,Self-Employed,0
38,79892.0,23497.0,354.0,15,Female,PhD,Chicago,Salaried,0
47,42635.0,26769.0,695.0,36,Female,PhD,Houston,Self-Employed,1
39,50366.0,25186.0,579.0,39,Male,Bachelors,Houston,Salaried,0
43,65202.0,8820.0,583.0,29,Male,Masters,Chicago,Salaried,0
54,31130.0,19819.0,752.0,10,Female,Bachelors,Houston,Salaried,0
56,44066.0,32265.0,603.0,35,Male,Masters,Houston,Self-Employed,1
36,57479.0,-220.0,727.0,3,Female,Masters,New York,Self-Employed,1
55,58346.0,9545.0,771.0,32,Female,Bachelors,San Francisco,Salaried,1
66,46952.0,17058.0,623.0,17,Male,High School,Chicago,Self-Employed,1
23,35071.0,15309.0,422.0,1,Female,Masters,New York,Self-Employed,0
19,40673.0,27123.0,436.0,8,Female,PhD,Chicago,Unemployed,0
28,53270.0,17294.0,362.0,29,Male,PhD,Chicago,Self-Employed,0
35,54554.0,40686.0,515.0,7,Male,High School,Chicago,Self-Employed,0
26,59301.0,28404.0,646.0,31,Male,Bachelors,Chicago,Salaried,1
68,53907.0,17009.0,843.0,4,Male,Bachelors,Houston,Salaried,1
57,58659.0,11336.0,579.0,30,Female,Masters,Chicago,Unemployed,0
55,56987.0,36721.0,735.0,4,Male,High School,San Francisco,Salaried,1
23,45844.0,11098.0,667.0,37,Male,Masters,Houston,Self-Employed,1
52,42401.0,27462.0,450.0,32,Male,High School,San Francisco,Unemployed,0
26,49488.0,22190.0,655.0,32,Male,Bachelors,Chicago,Salaried,1
26,43599.0,12143.0,654.0,20,Male,PhD,San Francisco,Unemployed,0
67,63030.0,31797.0,812.0,14,Male,PhD,Houston,Salaried,1
41,16081.0,-1233.0,501.0,18,Male,PhD,Chicago,Self-Employed,0
58,48595.0,15651.0,624.0,21,Female,Bachelors,New York,Self-Employed,1
49,35598.0,13444.0,556.0,10,Female,Masters,San Francisco,Self-Employed,0
61,59223.0,27524.0,849.0,15,Female,PhD,New York,Self-Employed,1
52,45071.0,20442.0,580.0,16,Female,High School,Houston,Unemployed,0
47,48475.0,13570.0,493.0,31,Male,Bachelors,New York,Unemployed,0
26,59603.0,19471.0,424.0,32,Female,Bachelors,Houston,Self-Employed,0
40,46097.0,3545.0,563.0,20,Male,High School,Houston,Self-Employed,0
40,61685.0,16612.0,709.0,35,Male,Bachelors,Chicago,Self-Employed,1
34,79689.0,17202.0,846.0,7,Male,High School,Chicago,Self-Employed,1
48,35266.0,10367.0,376.0,4,Female,Bachelors,San Francisco,Self-Employed,0
37,47759.0,22863.0,768.0,5,Male,PhD,Houston,Unemployed,0
32,73722.0,15630.0,639.0,15,Female,PhD,San Francisco,Salaried,1
68,40736.0,14100.0,825.0,0,Male,High School,San Francisco,Salaried,1
51,48997.0,26044.0,619.0,12,Male,Bachelors,Houston,Unemployed,0
42,47043.0,23236.0,780.0,1,Male,Bachelors,New York,Self-Employed,1
38,63449.0,28713.0,839.0,11,Male,Bachelors,Houston,Self-Employed,1
46,43909.0,17689.0,634.0,19,Female,High School,San Francisco,Self-Employed,1
37,22819.0,24568.0,402.0,30,Male,Bachelors,New York,Salaried,0
29,67480.0,11629.0,515.0,17,Male,Masters,San Francisco,Salaried,0
31,64938.0,15284.0,542.0,34,Female,PhD,New York,Self-Employed,1
58,40221.0,19335.0,765.0,28,Male,Masters,New York,Unemployed,0
44,49488.0,7795.0,346.0,3,Female,PhD,San Francisco,Self-Employed,0
26,32968.0,23026.0,402.0,32,Female,Masters,Houston,Self-Employed,0
22,64848.0,17927.0,690.0,27,Male,Masters,Chicago,Self-Employed,1
62,36967.0,28182.0,426.0,24,Male,Masters,Houston,Unemployed,0
56,55422.0,29233.0,692.0,21,Male,Bachelors,Chicago,Self-Employed,1
24,59618.0,27539.0,316.0,33,Male,Bachelors,San Francisco,Self-Employed,0
57,47733.0,27390.0,804.0,38,Female,PhD,New York,Unemployed,0
38,74225.0,8758.0,825.0,35,Male,Bachelors,Houston,Self-Employed,1
67,44673.0,28439.0,786.0,29,Female,Masters,New York,Salaried,1
39,49488.0,12999.0,445.0,22,Male,PhD,San Francisco,Salaried,0
43,29600.0,23166.0,490.0,39,Female,PhD,San Francisco,Salaried,0
68,48192.0,17254.0,829.0,10,Female,High School,Chicago,Self-Employed,1
44,70360.0,-754.0,813.0,1,Female,Bachelors,San Francisco,Unemployed,0
19,39644.0,13431.0,538.0,13,Male,Masters,Chicago,Salaried,0
45,44761.0,9338.0,364.0,35,Female,Masters,Chicago,Self-Employed,1
25,40138.0,9231.0,641.0,34,Female,PhD,Houston,Salaried,1
22,57366.0,12884.0,612.0,7,Male,Masters,Houston,Self-Employed,1
28,35304.0,23287.0,780.0,26,Female,Masters,San Francisco,Salaried,0
20,57105.0,21070.0,704.0,34,Male,Bachelors,Houston,Salaried,1
47,61206.0,14757.0,700.0,37,Female,Masters,San Francisco,Unemployed,0
52,49488.0,8459.0,746.0,9,Male,PhD,San Francisco,Salaried,1
54,41967.0,17161.0,848.0,1,Female,Masters,San Francisco,Self-Employed,1
57,42860.0,29795.0,401.0,17,Male,Bachelors,Houston,Self-Employed,0
60,30186.0,35530.0,560.0,27,Female,High School,New York,Unemployed,0
29,42187.0,13644.0,589.0,26,Female,High School,Houston,Salaried,0
24,45221.0,14480.0,579.0,7,Female,Masters,New York,Self-Employed,0
65,32515.0,28849.0,334.0,20,Female,PhD,San Francisco,Salaried,0
50,49488.0,14705.0,501.0,30,Male,Bachelors,Houston,Self-Employed,0
41,41848.0,19739.0,762.0,7,Male,PhD,Chicago,Unemployed,0
63,49488.0,24779.0,345.0,22,Male,Masters,Houston,Self-Employed,0
22,42391.0,12715.0,466.0,25,Female,PhD,San Francisco,Unemployed,0
59,48615.0,31688.0,374.0,20,Male,High School,San Francisco,Self-Employed,0
66,55782.0,24579.0,553.0,5,Female,High School,Chicago,Salaried,0
59,12820.0,24256.0,714.0,20,Female,Bachelors,Chicago,Unemployed,0
18,28459.0,7683.0,631.0,9,Male,Masters,Chicago,Self-Employed,0
57,58396.0,21209.0,331.0,14,Male,Bachelors,San Francisco,Salaried,0
47,50664.0,23909.0,330.0,4,Male,High School,Houston,Unemployed,0
53,73179.0,12548.0,455.0,29,Female,High School,New York,Self-Employed,0
54,50142.0,9282.0,506.0,32,Female,High School,Chicago,Salaried,1
25,45330.0,15685.0,309.0,24,Male,High School,Chicago,Salaried,0
39,42690.0,11547.0,664.0,2,Male,Masters,San Francisco,Self-Employed,1
25,58802.0,12256.0,343.0,9,Male,PhD,San Francisco,Salaried,0
60,49488.0,14414.0,306.0,5,Male,Masters,New York,Salaried,0
36,29167.0,29774.0,614.0,5,Female,Bachelors,Chicago,Self-Employed,0
44,49488.0,23294.0,521.0,4,Male,Bachelors,San Francisco,Unemployed,0
64,53819.0,24576.0,776.0,12,Male,Masters,San Francisco,Salaried,1
34,66329.0,17788.0,617.0,27,Male,Masters,San Francisco,Salaried,1
37,38842.0,5749.0,580.0,23,Male,High School,Chicago,Unemployed,0
62,55390.0,21837.0,597.0,9,Male,High School,Chicago,Salaried,0
30,60934.0,33841.0,452.0,7,Male,PhD,San Francisco,Salaried,0
66,44352.0,11091.0,848.0,10,Female,PhD,Chicago,Self-Employed,1
40,41670.0,12178.0,513.0,4,Female,PhD,Chicago,Salaried,0
63,42728.0,21744.0,597.0,39,Male,High School,Chicago,Unemployed,0
26,47137.0,37549.0,314.0,3,Male,High School,Chicago,Self-Employed,0
65,29479.0,9802.0,464.0,25,Female,Bachelors,Chicago,Salaried,0
69,45478.0,30571.0,525.0,21,Female,High School,New York,Self-Employed,0
38,35035.0,13985.0,841.0,25,Male,Bachelors,New York,Self-Employed,1
64,58523.0,10737.0,618.0,28,Female,Masters,Chicago,Salaried,1
63,45554.0,23902.0,765.0,30,Male,Bachelors,New York,Salaried,1
41,46582.0,12982.0,451.0,14,Female,Masters,San Francisco,Salaried,0
51,55001.0,8586.0,834.0,9,Female,Masters,San Francisco,Self-Employed,1
19,51943.0,41175.0,691.0,36,Female,Masters,New York,Salaried,0
38,54813.0,17057.0,415.0,28,Male,Bachelors,Chicago,Self-Employed,0
35,40412.0,7260.0,664.0,30,Female,Bachelors,San Francisco,Salaried,1
43,34276.0,28641.0,470.0,35,Male,Bachelors,Chicago,Salaried,0
50,49488.0,18061.0,822.0,0,Male,PhD,Chicago,Salaried,1
59,51690.0,23772.0,627.0,31,Female,High School,New York,Salaried,1
58,60225.0,18468.0,788.0,30,Female,Masters,Houston,Self-Employed,1
43,44544.0,23503.0,701.0,38,Male,High School,Chicago,Salaried,1
46,38692.0,23702.0,579.0,24,Male,Masters,San Francisco,Salaried,0
65,66694.0,13092.0,560.0,12,Male,PhD,New York,Self-Employed,0
34,49488.0,21086.0,654.0,4,Female,Masters,San Francisco,Self-Employed,1
64,59138.0,27191.0,786.0,17,Female,Bachelors,New York,Salaried,1
34,57109.0,13995.0,425.0,35,Male,High School,Chicago,Salaried,0
52,64042.0,20746.0,638.0,13,Female,Bachelors,Chicago,Self-Employed,1
37,55146.0,25448.0,316.0,9,Male,Bachelors,New York,Self-Employed,0
47,36942.0,15861.0,523.0,11,Male,Masters,Houston,Self-Employed,1
38,52548.0,17330.0,615.0,0,Male,Masters,New York,Salaried,1
47,58240.0,23346.0,708.0,6,Male,Masters,Chicago,Self-Employed,1
33,45081.0,14247.0,809.0,32,Male,PhD,San Francisco,Salaried,1
22,55576.0,14026.0,767.0,14,Male,Masters,Houston,Salaried,1
24,55729.0,29171.0,377.0,36,Male,High School,San Francisco,Self-Employed,1
34,58571.0,23183.0,825.0,38,Male,High School,San Francisco,Salaried,1
19,40750.0,18177.0,723.0,30,Female,Bachelors,Houston,Self-Employed,1
62,54214.0,23461.0,729.0,29,Female,PhD,Chicago,Salaried,1
19,25150.0,29223.0,593.0,31,Female,PhD,Houston,Self-Employed,0
32,55531.0,16902.0,648.0,16,Male,Bachelors,New York,Salaried,1
49,50286.0,16903.0,668.0,36,Female,PhD,Houston,Salaried,1
39,73179.0,34424.0,627.0,20,Male,Masters,New York,Unemployed,0
38,44296.0,33907.0,630.0,29,Female,Bachelors,Chicago,Salaried,1
31,46458.0,33575.0,562.0,29,Male,Bachelors,San Francisco,Salaried,0
43,46206.0,17012.0,762.0,35,Female,Masters,San Francisco,Salaried,1
25,64519.0,27764.0,628.0,4,Male,Bachelors,Houston,Unemployed,0
46,42885.0,6190.0,823.0,6,Female,PhD,San Francisco,Self-Employed,1
63,61988.0,8148.0,645.0,5,Male,High School,Chicago,Unemployed,0
45,40390.0,28420.0,483.0,7,Male,High School,San Francisco,Unemployed,0
49,46795.0,25114.0,764.0,24,Male,Bachelors,San Francisco,Salaried,1
37,10667.0,18250.0,451.0,5,Male,PhD,Chicago,Self-Employed,0
59,74337.0,24610.0,635.0,16,Female,Bachelors,San Francisco,Salaried,1
62,41040.0,25786.0,534.0,13,Male,Masters,New York,Unemployed,0
25,64849.0,12155.0,475.0,21,Male,PhD,San Francisco,Unemployed,0
39,13924.0,21955.0,602.0,18,Female,Bachelors,Houston,Self-Employed,1
46,68222.0,21757.0,447.0,17,Male,Bachelors,Chicago,Self-Employed,0
52,79349.0,9897.0,657.0,6,Male,PhD,San Francisco,Self-Employed,1
43,47188.0,4183.0,658.0,25,Male,Masters,San Francisco,Unemployed,0
36,47663.0,25567.0,747.0,5,Male,Bachelors,San Francisco,Self-Employed,1
24,41351.0,30510.0,647.0,27,Male,Masters,New York,Unemployed,0
54,56414.0,15077.0,830.0,6,Male,High School,Chicago,Self-Employed,1
29,39057.0,33348.0,437.0,0,Male,High School,San Francisco,Unemployed,0
68,72624.0,18428.0,834.0,33,Female,High School,Chicago,Self-Employed,1
42,31028.0,6561.0,693.0,0,Male,Bachelors,Chicago,Unemployed,0
67,74061.0,25434.0,529.0,28,Male,PhD,San Francisco,Unemployed,1
47,76589.0,30845.0,801.0,25,Female,High School,Houston,Self-Employed,1
22,49921.0,27057.0,630.0,7,Male,Masters,New York,Salaried,1
38,42506.0,18765.0,638.0,12,Female,Masters,Chicago,Self-Employed,1
42,49488.0,18287.0,601.0,5,Male,PhD,San Francisco,Self-Employed,1
47,50487.0,27870.0,835.0,12,Male,Bachelors,San Francisco,Self-Employed,1
47,69867.0,24097.0,683.0,29,Male,High School,San Francisco,Salaried,1
52,43915.0,4730.0,836.0,24,Male,High School,New York,Salaried,1
59,44923.0,23130.0,580.0,38,Male,PhD,Houston,Self-Employed,0
39,58091.0,29280.0,315.0,36,Female,Masters,San Francisco,Self-Employed,0
63,36460.0,19624.0,835.0,23,Male,PhD,Chicago,Salaried,0
39,49329.0,15168.0,761.0,7,Male,PhD,Chicago,Salaried,1
42,49112.0,20622.0,664.0,11,Female,Masters,Houston,Salaried,1
48,53754.0,14788.0,797.0,28,Male,Bachelors,New York,Self-Employed,1
55,68920.0,20032.0,569.0,26,Male,High School,Chicago,Unemployed,0
63,52951.0,14350.0,800.0,19,Female,High School,New York,Self-Employed,1
51,71276.0,30223.0,400.0,12,Female,PhD,Houston,Salaried,0
42,40479.0,24132.0,808.0,31,Male,Masters,San Francisco,Self-Employed,1
68,55048.0,28517.0,587.0,27,Male,Masters,San Francisco,Salaried,0
57,51324.0,15268.0,641.0,32,Male,PhD,Houston,Self-Employed,1
27,49928.0,21867.0,764.0,28,Male,PhD,Houston,Self-Employed,1
58,44054.0,25718.0,830.0,1,Female,Masters,New York,Salaried,1
46,68982.0,16459.0,691.0,8,Female,Masters,San Francisco,Self-Employed,1
50,63425.0,31466.0,762.0,6,Female,Masters,Chicago,Unemployed,1
47,55247.0,31742.0,661.0,10,Female,Bachelors,New York,Salaried,1
20,53234.0,30562.0,697.0,25,Female,PhD,Chicago,Self-Employed,1
53,41545.0,22072.0,680.0,27,Male,PhD,New York,Self-Employed,1
49,45010.0,24830.0,695.0,36,Female,High School,Chicago,Self-Employed,1
56,41361.0,3748.0,489.0,4,Male,Bachelors,New York,Salaried,0
31,51980.0,25098.0,697.0,0,Male,PhD,San Francisco,Self-Employed,1
61,46312.0,22362.0,418.0,16,Male,Masters,New York,Salaried,0
51,61175.0,26262.0,406.0,8,Female,Masters,Houston,Unemployed,0
22,64704.0,15635.0,759.0,21,Female,Masters,San Francisco,Self-Employed,1
40,47684.0,28041.0,681.0,17,Male,PhD,Chicago,Salaried,1
65,65051.0,19161.0,663.0,2,Female,High School,San Francisco,Self-Employed,1
49,60168.0,9203.0,610.0,39,Female,PhD,Houston,Self-Employed,1
27,44325.0,32449.0,818.0,34,Male,Bachelors,San Francisco,Unemployed,0
61,24663.0,20342.0,357.0,37,Male,PhD,Chicago,Salaried,0
69,50011.0,11005.0,586.0,26,Male,PhD,Houston,Self-Employed,0
54,38158.0,22974.0,827.0,36,Male,High School,New York,Salaried,0
67,43772.0,21495.0,758.0,0,Female,High School,San Francisco,Self-Employed,1
46,45284.0,29142.0,716.0,2,Female,Masters,San Francisco,Self-Employed,1
18,59414.0,11804.0,774.0,23,Female,Masters,New York,Self-Employed,1
24,41898.0,11566.0,768.0,19,Male,Bachelors,Chicago,Salaried,1
52,16181.0,10765.0,703.0,1,Female,Masters,Chicago,Self-Employed,1
56,43910.0,17918.0,692.0,36,Male,PhD,San Francisco,Self-Employed,1
21,43736.0,3395.0,631.0,8,Female,PhD,Chicago,Salaried,1
23,34793.0,3279.0,826.0,13,Male,Masters,Chicago,Unemployed,0
22,44576.0,26399.0,388.0,32,Female,Masters,Chicago,Salaried,0
18,71885.0,27771.0,754.0,32,Female,PhD,San Francisco,Salaried,1
48,50242.0,16984.0,652.0,1,Male,Bachelors,Chicago,Self-Employed,1
55,36242.0,31374.0,384.0,3,Male,Bachelors,Chicago,Unemployed,0
27,32790.0,13801.0,579.0,11,Female,PhD,Houston,Unemployed,0
66,63399.0,18151.0,440.0,12,Male,High School,San Francisco,Self-Employed,0
53,55114.0,10732.0,370.0,19,Male,PhD,Houston,Self-Employed,0
54,63946.0,18209.0,617.0,17,Female,PhD,San Francisco,Salaried,1
29,49146.0,32512.0,574.0,7,Female,Bachelors,San Francisco,Unemployed,0
57,57611.0,17773.0,604.0,2,Female,High School,San Francisco,Salaried,1
28,40761.0,17177.0,729.0,9,Female,PhD,Houston,Self-Employed,0
33,35318.0,29716.0,808.0,14,Female,Bachelors,Houston,Self-Employed,0
63,46746.0,10918.0,722.0,11,Male,PhD,New York,Self-Employed,1
22,29372.0,32423.0,657.0,2,Male,Bachelors,Houston,Unemployed,0
20,54717.0,24794.0,837.0,20,Male,PhD,San Francisco,Salaried,1
30,22109.0,20678.0,579.0,26,Male,Bachelors,San Francisco,Self-Employed,0
35,39001.0,10656.0,788.0,12,Male,Masters,San Francisco,Self-Employed,0
61,55054.0,17358.0,790.0,22,Female,Masters,Chicago,Salaried,1
32,82396.0,26369.0,828.0,31,Male,High School,San Francisco,Salaried,1
26,57846.0,26254.0,498.0,12,Male,PhD,Chicago,Self-Employed,0
68,65066.0,30822.0,814.0,32,Male,Masters,Chicago,Self-Employed,1
66,69631.0,7995.0,801.0,14,Male,PhD,San Francisco,Self-Employed,1
65,39143.0,8769.0,743.0,12,Male,PhD,Houston,Unemployed,0
55,40683.0,21553.0,701.0,30,Male,Bachelors,Houston,Self-Employed,1
48,49488.0,30225.0,713.0,8,Male,Masters,Chicago,Salaried,1
30,62011.0,26597.0,332.0,10,Male,High School,Houston,Salaried,0
45,59979.0,26318.0,448.0,12,Male,PhD,Chicago,Salaried,0
48,51518.0,17718.0,746.0,37,Male,Bachelors,San Francisco,Self-Employed,1
68,55656.0,17892.0,579.0,33,Female,PhD,Houston,Unemployed,0
43,57096.0,22112.0,812.0,28,Male,High School,Houston,Self-Employed,1
68,29219.0,8974.0,835.0,3,Female,PhD,New York,Salaried,0
47,50963.0,20605.0,742.0,1,Female,PhD,Chicago,Self-Employed,1
52,66974.0,11411.0,397.0,4,Female,Masters,New York,Unemployed,0
27,58126.0,31426.0,697.0,26,Male,Masters,San Francisco,Self-Employed,1
68,66312.0,9234.0,326.0,4,Female,PhD,San Francisco,Salaried,0
33,58351.0,29756.0,768.0,20,Male,PhD,Chicago,Self-Employed,1
48,33106.0,8243.0,429.0,29,Male,High School,Houston,Salaried,0
30,59854.0,12365.0,808.0,24,Female,PhD,New York,Salaried,1
65,55481.0,16341.0,308.0,28,Male,Masters,Chicago,Self-Employed,0
66,67663.0,7966.0,579.0,19,Female,High School,Houston,Unemployed,0
34,66873.0,17855.0,675.0,5,Male,PhD,San Francisco,Self-Employed,1
43,60378.0,12606.0,723.0,8,Female,Bachelors,New York,Salaried,1
32,53228.0,23059.0,433.0,17,Male,Masters,San Francisco,Self-Employed,0
44,45746.0,24177.0,321.0,4,Female,Masters,Chicago,Self-Employed,0
64,64237.0,8132.0,667.0,36,Male,Masters,Houston,Salaried,1
20,56377.0,7374.0,610.0,14,Female,Bachelors,Chicago,Salaried,1
20,26834.0,10170.0,638.0,23,Male,Bachelors,San Francisco,Unemployed,1
22,69620.0,27793.0,669.0,28,Female,Masters,New York,Salaried,1
60,28816.0,10738.0,834.0,19,Male,Masters,Chicago,Self-Employed,0
53,50669.0,19658.0,449.0,7,Female,Masters,New York,Self-Employed,0
62,59619.0,22269.0,656.0,34,Male,Bachelors,Chicago,Unemployed,0
46,53919.0,21199.0,367.0,32,Male,Bachelors,San Francisco,Unemployed,0
43,42556.0,24114.0,841.0,5,Female,Masters,Houston,Salaried,1
43,58736.0,12408.0,667.0,4,Female,High School,San Francisco,Self-Employed,0
26,52773.0,26249.0,728.0,17,Male,PhD,Chicago,Salaried,1
62,53350.0,23248.0,711.0,22,Female,Bachelors,Houston,Self-Employed,1
25,63770.0,5058.0,382.0,25,Female,Bachelors,San Francisco,Unemployed,0
37,45524.0,22544.0,461.0,12,Female,Bachelors,Houston,Self-Employed,0
55,49488.0,26579.0,714.0,10,Female,Bachelors,Chicago,Salaried,1
66,63248.0,21098.0,373.0,17,Male,PhD,San Francisco,Salaried,0
51,41926.0,22157.0,823.0,19,Female,Bachelors,San Francisco,Salaried,1
64,54233.0,22374.0,676.0,8,Male,Masters,San Francisco,Unemployed,0
62,39848.0,22967.0,411.0,26,Female,Bachelors,Houston,Self-Employed,0
29,49488.0,19454.0,847.0,31,Male,PhD,Chicago,Self-Employed,1
29,71442.0,14986.0,761.0,39,Female,Masters,San Francisco,Self-Employed,1
32,94686.0,14769.0,333.0,3,Male,High School,New York,Unemployed,1
30,62367.0,12999.0,765.0,35,Female,PhD,Houston,Salaried,1
35,61900.0,7443.0,796.0,23,Female,High School,San Francisco,Self-Employed,1
29,66731.0,30232.0,362.0,27,Female,High School,San Francisco,Self-Employed,0
45,64081.0,18595.0,635.0,18,Male,Bachelors,Chicago,Unemployed,0
34,51669.0,6915.0,353.0,3,Female,High School,Chicago,Unemployed,0
24,45418.0,14253.0,814.0,8,Female,Masters,New York,Self-Employed,1
33,53178.0,6156.0,683.0,29,Female,Bachelors,New York,Salaried,1
66,64635.0,7809.0,311.0,14,Female,Bachelors,Houston,Unemployed,0
53,31069.0,23068.0,676.0,34,Male,Bachelors,Houston,Unemployed,0
55,60592.0,21370.0,778.0,23,Female,PhD,Chicago,Self-Employed,1
23,50854.0,16392.0,355.0,24,Male,PhD,Chicago,Salaried,0
62,77474.0,13438.0,654.0,17,Female,Bachelors,Chicago,Salaried,1
65,29248.0,14836.0,508.0,14,Male,High School,San Francisco,Self-Employed,0
38,38931.0,2977.0,577.0,26,Male,Masters,San Francisco,Self-Employed,0
61,29219.0,21817.0,696.0,36,Male,Masters,Chicago,Self-Employed,0
49,59911.0,27447.0,591.0,33,Male,Bachelors,San Francisco,Self-Employed,0
51,33187.0,4757.0,302.0,2,Male,High School,Chicago,Salaried,0
38,49488.0,28109.0,796.0,27,Female,PhD,New York,Salaried,1
41,49488.0,19110.0,663.0,7,Male,PhD,San Francisco,Salaried,1
42,50179.0,10193.0,441.0,8,Male,Masters,Houston,Salaried,0
25,54659.0,6452.0,519.0,34,Female,High School,New York,Unemployed,0
29,44619.0,10739.0,539.0,31,Female,Bachelors,San Francisco,Self-Employed,0
43,56797.0,16132.0,342.0,25,Male,Bachelors,New York,Unemployed,0
30,30287.0,21537.0,320.0,23,Male,High School,Houston,Salaried,0
36,61311.0,13475.0,637.0,11,Female,PhD,New York,Unemployed,0
41,52658.0,14170.0,823.0,3,Female,PhD,San Francisco,Self-Employed,1
20,62113.0,12827.0,407.0,3,Male,Bachelors,New York,Unemployed,1
53,63665.0,23349.0,618.0,3,Female,High School,Chicago,Self-Employed,1
69,73976.0,14985.0,633.0,2,Female,High School,New York,Salaried,1
18,46425.0,14424.0,837.0,13,Female,PhD,San Francisco,Self-Employed,1
62,41298.0,8628.0,779.0,18,Female,High School,Houston,Self-Employed,1
57,48691.0,17596.0,651.0,16,Male,High School,Chicago,Salaried,1
24,22138.0,20572.0,411.0,20,Female,Bachelors,Houston,Unemployed,0
39,49488.0,15008.0,537.0,6,Male,Masters,San Francisco,Salaried,0
50,43948.0,28035.0,610.0,15,Female,High School,New York,Self-Employed,1
38,56842.0,11094.0,801.0,13,Male,PhD,Chicago,Self-Employed,1
25,73259.0,26257.0,301.0,39,Female,Masters,Chicago,Unemployed,0
25,58122.0,25352.0,653.0,4,Female,Bachelors,Chicago,Self-Employed,1
38,54748.0,25374.0,760.0,9,Female,High School,New York,Self-Employed,1
64,40634.0,34525.0,489.0,10,Male,Bachelors,San Francisco,Self-Employed,0
60,44011.0,19575.0,776.0,26,Male,Masters,Houston,Salaried,1
37,63187.0,35861.0,476.0,26,Male,PhD,Houston,Unemployed,0
33,49488.0,13310.0,788.0,0,Female,Masters,New York,Salaried,1
66,47391.0,26660.0,750.0,11,Male,Bachelors,San Francisco,Unemployed,0
25,49488.0,11742.0,723.0,26,Male,High School,Houston,Salaried,1
47,63860.0,19306.0,823.0,28,Female,Bachelors,Houston,Salaried,1
37,50093.0,15012.0,639.0,8,Female,Bachelors,New York,Salaried,1
58,67360.0,22741.0,399.0,14,Female,Bachelors,New York,Unemployed,0
66,44023.0,23636.0,362.0,15,Male,Masters,New York,Salaried,0
39,65822.0,3941.0,732.0,4,Female,Bachelors,San Francisco,Salaried,1
22,63620.0,4057.0,710.0,27,Male,Bachelors,Chicago,Salaried,1
45,45567.0,16797.0,562.0,23,Female,High School,New York,Self-Employed,0
54,64056.0,24582.0,343.0,0,Male,Bachelors,New York,Self-Employed,0
52,67363.0,24033.0,842.0,6,Female,Bachelors,San Francisco,Self-Employed,1
51,59807.0,21916.0,678.0,13,Female,Bachelors,New York,Salaried,1
27,83659.0,10439.0,761.0,16,Female,High School,New York,Salaried,1
58,61861.0,18573.0,357.0,38,Female,PhD,San Francisco,Unemployed,0
61,44920.0,7412.0,327.0,9,Male,High School,New York,Salaried,0
34,47811.0,39986.0,716.0,22,Female,PhD,New York,Salaried,1
18,54175.0,16521.0,357.0,36,Female,Masters,Chicago,Unemployed,0
46,38352.0,7087.0,514.0,23,Male,Bachelors,Chicago,Self-Employed,0
50,69203.0,30038.0,554.0,9,Female,PhD,Houston,Salaried,0
22,22767.0,34142.0,579.0,9,Female,High School,Houston,Salaried,0
63,73361.0,17154.0,817.0,13,Female,Masters,San Francisco,Self-Employed,1
35,65507.0,21736.0,579.0,36,Female,PhD,San Francisco,Unemployed,0
66,56165.0,18017.0,833.0,12,Male,PhD,Houston,Self-Employed,1
34,67684.0,15089.0,536.0,2,Male,Bachelors,Houston,Self-Employed,0
34,59198.0,14928.0,769.0,14,Female,Masters,Houston,Unemployed,0
67,39283.0,20130.0,497.0,8,Male,High School,San Francisco,Self-Employed,0
19,51098.0,36420.0,722.0,25,Female,High School,Chicago,Self-Employed,1
50,48879.0,20980.0,510.0,8,Female,Masters,San Francisco,Self-Employed,0
39,52629.0,6333.0,359.0,20,Male,High School,Houston,Unemployed,0
36,41719.0,19599.0,773.0,10,Male,Masters,San Francisco,Salaried,1
49,51184.0,24177.0,408.0,11,Female,Bachelors,San Francisco,Self-Employed,0
58,47984.0,20212.0,824.0,8,Male,Bachelors,New York,Self-Employed,1
52,49488.0,13807.0,611.0,3,Male,High School,Chicago,Unemployed,0
68,58830.0,26467.0,631.0,25,Female,PhD,Chicago,Unemployed,0
26,53959.0,17575.0,579.0,39,Female,High School,Houston,Unemployed,0
24,70919.0,41785.0,685.0,29,Female,Masters,New York,Self-Employed,1
69,55415.0,26652.0,617.0,38,Female,PhD,New York,Self-Employed,1
35,70979.0,21525.0,643.0,4,Female,PhD,Chicago,Self-Employed,1
63,44732.0,28388.0,607.0,27,Male,Masters,Houston,Self-Employed,1
51,48097.0,29361.0,841.0,22,Male,Masters,Chicago,Self-Employed,1
52,49488.0,29656.0,803.0,8,Male,High School,Chicago,Salaried,1
18,55648.0,15679.0,666.0,30,Female,Bachelors,San Francisco,Self-Employed,1
69,49488.0,10587.0,649.0,1,Female,PhD,New York,Salaried,1
24,47836.0,23375.0,727.0,20,Male,High School,New York,Unemployed,1
50,67699.0,12737.0,609.0,19,Male,High School,San Francisco,Salaried,1
32,50150.0,28438.0,817.0,15,Female,High School,San Francisco,Salaried,1
23,49488.0,15858.0,635.0,8,Female,High School,San Francisco,Salaried,1
46,25832.0,20970.0,397.0,36,Male,Masters,New York,Salaried,0
29,49158.0,27103.0,727.0,34,Female,Masters,Chicago,Salaried,1
43,31249.0,28969.0,533.0,34,Male,High School,Houston,Unemployed,0
65,51370.0,29514.0,832.0,25,Male,PhD,Houston,Self-Employed,1
61,46834.0,16906.0,690.0,37,Male,PhD,New York,Salaried,1
59,58025.0,25897.0,438.0,3,Male,Masters,New York,Self-Employed,0
64,67647.0,9939.0,675.0,12,Male,PhD,San Francisco,Salaried,1
65,75667.0,16073.0,672.0,32,Male,Bachelors,New York,Self-Employed,1
64,56683.0,11698.0,715.0,16,Female,PhD,San Francisco,Unemployed,0
41,75852.0,19794.0,705.0,1,Female,Bachelors,New York,Self-Employed,1
18,60097.0,19591.0,831.0,2,Female,Masters,New York,Unemployed,0
30,52945.0,-4933.0,849.0,22,Male,PhD,San Francisco,Self-Employed,1
68,53493.0,18530.0,552.0,25,Female,High School,New York,Salaried,0
65,54440.0,18171.0,846.0,20,Male,High School,Chicago,Salaried,1
21,49875.0,19380.0,805.0,14,Male,Masters,Chicago,Self-Employed,1
49,56022.0,11403.0,331.0,25,Female,Masters,San Francisco,Unemployed,0
61,56848.0,34087.0,584.0,5,Male,High School,San Francisco,Unemployed,0
64,54464.0,18865.0,771.0,14,Female,High School,Houston,Salaried,1
37,49488.0,18706.0,728.0,2,Female,PhD,San Francisco,Unemployed,0
46,56947.0,16819.0,576.0,26,Female,Masters,Houston,Unemployed,0
46,51483.0,21021.0,783.0,39,Male,High School,Houston,Salaried,1
49,40546.0,11174.0,455.0,39,Male,Masters,Chicago,Salaried,0
66,50060.0,24699.0,799.0,34,Female,Bachelors,San Francisco,Unemployed,0
27,56506.0,26733.0,604.0,27,Female,Masters,New York,Salaried,1
59,76192.0,18824.0,431.0,33,Female,Masters,Houston,Salaried,0
40,57758.0,25907.0,453.0,34,Female,High School,New York,Salaried,0
36,39274.0,30641.0,780.0,25,Male,Masters,Chicago,Self-Employed,0
57,52474.0,17646.0,799.0,36,Female,High School,San Francisco,Self-Employed,1
25,28263.0,26576.0,378.0,39,Male,High School,Chicago,Self-Employed,0
38,44271.0,31573.0,743.0,33,Male,PhD,Houston,Self-Employed,1
38,45744.0,21548.0,664.0,25,Male,PhD,Chicago,Salaried,1
42,46913.0,8441.0,566.0,31,Female,High School,San Francisco,Unemployed,1
42,47039.0,16229.0,441.0,33,Female,PhD,Houston,Self-Employed,0
51,50747.0,16858.0,590.0,2,Male,PhD,Houston,Self-Employed,0
52,65543.0,12150.0,816.0,7,Female,Bachelors,San Francisco,Self-Employed,1
54,45456.0,24450.0,419.0,30,Male,High School,Houston,Unemployed,0
25,41094.0,15009.0,710.0,9,Male,Masters,San Francisco,Unemployed,0
51,42622.0,23394.0,782.0,23,Male,High School,Chicago,Self-Employed,1
48,40937.0,33694.0,579.0,24,Male,PhD,Chicago,Self-Employed,0
44,59989.0,5387.0,691.0,3,Female,High School,San Francisco,Self-Employed,1
56,49998.0,22449.0,682.0,34,Female,PhD,San Francisco,Self-Employed,1
63,35074.0,10010.0,833.0,0,Male,High School,Chicago,Unemployed,0
54,47507.0,22398.0,667.0,28,Female,Masters,San Francisco,Salaried,1
57,41702.0,19952.0,591.0,2,Female,Masters,Houston,Salaried,0
50,69354.0,6506.0,709.0,8,Female,Bachelors,San Francisco,Self-Employed,1
21,69508.0,29181.0,626.0,19,Female,High School,Houston,Salaried,1
50,56392.0,13965.0,735.0,15,Female,PhD,Houston,Salaried,1
32,50003.0,17461.0,687.0,4,Female,High School,New York,Self-Employed,1
53,67268.0,33482.0,799.0,34,Male,Masters,Chicago,Self-Employed,1
65,80542.0,24546.0,751.0,26,Male,PhD,San Francisco,Self-Employed,1
26,48269.0,16084.0,823.0,5,Male,Bachelors,New York,Self-Employed,1
60,49401.0,25202.0,518.0,20,Male,High School,New York,Self-Employed,0
60,54000.0,19642.0,760.0,13,Female,Bachelors,Houston,Salaried,1
43,67927.0,38490.0,700.0,31,Female,High School,San Francisco,Salaried,1
28,54635.0,13955.0,543.0,23,Female,Bachelors,New York,Unemployed,0
23,50160.0,30861.0,508.0,38,Female,PhD,New York,Salaried,0
38,65120.0,16812.0,445.0,24,Female,PhD,Chicago,Salaried,1
68,24468.0,34294.0,830.0,28,Male,Masters,Houston,Self-Employed,1
59,61543.0,21298.0,585.0,4,Female,PhD,San Francisco,Self-Employed,0
26,24468.0,41504.0,704.0,3,Male,Bachelors,Houston,Unemployed,0
26,44913.0,19821.0,622.0,6,Male,Bachelors,Houston,Salaried,1
38,44769.0,6540.0,655.0,9,Male,PhD,Chicago,Unemployed,0
48,39562.0,22467.0,708.0,1,Male,Masters,New York,Salaried,0
51,62801.0,17603.0,508.0,14,Male,Masters,Houston,Salaried,0
37,44344.0,21415.0,653.0,19,Female,Bachelors,New York,Self-Employed,1
45,49372.0,19594.0,629.0,31,Male,PhD,Chicago,Self-Employed,1
38,31130.0,19880.0,677.0,20,Male,Bachelors,Chicago,Salaried,1
62,35302.0,22447.0,482.0,31,Male,PhD,San Francisco,Self-Employed,0
21,46654.0,12731.0,783.0,37,Male,Masters,Chicago,Self-Employed,1
44,52082.0,10526.0,362.0,36,Male,PhD,San Francisco,Salaried,0
38,49488.0,9685.0,734.0,34,Female,Bachelors,New York,Self-Employed,1
34,51151.0,12238.0,783.0,25,Female,PhD,San Francisco,Salaried,1
39,39391.0,13003.0,459.0,9,Female,Bachelors,San Francisco,Salaried,1
50,62698.0,24395.0,651.0,30,Male,Bachelors,New York,Salaried,1
67,43107.0,4469.0,729.0,5,Male,PhD,Houston,Self-Employed,1
40,46798.0,23776.0,842.0,38,Female,High School,Houston,Unemployed,0
58,53024.0,12197.0,656.0,28,Female,Masters,San Francisco,Unemployed,0
62,20540.0,25693.0,476.0,16,Male,PhD,New York,Self-Employed,0
20,65816.0,31959.0,449.0,16,Male,PhD,Houston,Self-Employed,0
32,39967.0,26987.0,754.0,10,Female,Masters,New York,Unemployed,0
56,57195.0,12578.0,549.0,9,Female,Masters,New York,Unemployed,0
19,76680.0,21493.0,839.0,38,Male,Bachelors,Chicago,Salaried,1
40,69833.0,11415.0,641.0,34,Female,PhD,Houston,Self-Employed,1
34,38152.0,31011.0,434.0,24,Male,High School,New York,Self-Employed,0
46,73969.0,26927.0,386.0,24,Male,Bachelors,New York,Unemployed,0
66,35904.0,16799.0,561.0,5,Female,PhD,San Francisco,Salaried,0
57,49488.0,23797.0,591.0,23,Female,Masters,Houston,Unemployed,0
66,59127.0,13384.0,560.0,14,Male,PhD,San Francisco,Salaried,0
59,43629.0,21934.0,812.0,36,Female,Masters,Houston,Unemployed,0
33,57807.0,28018.0,781.0,9,Male,Bachelors,San Francisco,Salaried,1
32,42315.0,11352.0,431.0,24,Male,PhD,Chicago,Salaried,0
61,57763.0,4048.0,647.0,15,Male,Masters,San Francisco,Salaried,1
29,20909.0,12443.0,495.0,23,Female,High School,Chicago,Salaried,0
28,58586.0,22093.0,611.0,22,Female,Bachelors,Houston,Unemployed,0
19,71627.0,21628.0,779.0,12,Male,Masters,San Francisco,Salaried,1
54,37547.0,16752.0,428.0,13,Female,PhD,San Francisco,Self-Employed,1
32,65700.0,13732.0,672.0,10,Male,Bachelors,San Francisco,Salaried,1
67,54431.0,17923.0,571.0,33,Female,Bachelors,Houston,Salaried,0
62,54604.0,22025.0,741.0,35,Female,High School,Houston,Self-Employed,1
65,44558.0,12844.0,579.0,15,Female,PhD,New York,Salaried,0
39,61525.0,21847.0,683.0,14,Female,Bachelors,San Francisco,Salaried,1
60,42766.0,18614.0,489.0,37,Male,Masters,Chicago,Unemployed,0
58,56219.0,13397.0,744.0,29,Female,Masters,Chicago,Self-Employed,1
22,77766.0,17136.0,793.0,38,Male,Bachelors,New York,Unemployed,0
54,61619.0,22199.0,822.0,14,Female,High School,Houston,Salaried,1
50,49488.0,11536.0,602.0,15,Female,High School,Houston,Self-Employed,1
24,37687.0,24165.0,414.0,9,Male,High School,New York,Unemployed,0
58,46161.0,16188.0,327.0,21,Female,Masters,New York,Salaried,0
58,29414.0,17434.0,509.0,3,Female,Masters,Houston,Self-Employed,0
45,34800.0,21974.0,429.0,31,Female,PhD,San Francisco,Self-Employed,0
35,67861.0,19315.0,380.0,38,Male,PhD,Chicago,Unemployed,0
30,22071.0,14126.0,339.0,19,Male,Bachelors,Houston,Unemployed,0
32,66427.0,19462.0,724.0,22,Male,Bachelors,New York,Self-Employed,1
24,56374.0,19385.0,753.0,8,Male,High School,San Francisco,Self-Employed,1
40,11174.0,26350.0,601.0,23,Male,PhD,New York,Salaried,0
64,59052.0,24993.0,681.0,7,Female,PhD,New York,Self-Employed,1
29,46284.0,27807.0,782.0,21,Male,Masters,San Francisco,Self-Employed,1
48,77658.0,21945.0,805.0,1,Female,Masters,San Francisco,Self-Employed,1
53,66049.0,28387.0,824.0,34,Female,High School,New York,Salaried,1
59,46168.0,19629.0,782.0,28,Male,High School,Houston,Self-Employed,1
57,12523.0,11022.0,704.0,2,Female,PhD,Houston,Salaried,0
46,43940.0,16080.0,683.0,15,Male,Masters,San Francisco,Self-Employed,1
30,16315.0,13054.0,636.0,9,Male,PhD,Chicago,Salaried,0
42,52264.0,31046.0,465.0,23,Female,Bachelors,Chicago,Salaried,1
30,40275.0,32033.0,777.0,19,Male,PhD,Chicago,Salaried,1
69,23446.0,12779.0,655.0,8,Female,Bachelors,New York,Unemployed,0
66,53334.0,28779.0,659.0,38,Female,High School,Chicago,Salaried,1
27,56182.0,21266.0,632.0,39,Female,Bachelors,San Francisco,Salaried,1
36,55973.0,29680.0,690.0,14,Female,PhD,Houston,Self-Employed,1
63,16327.0,26690.0,846.0,33,Female,High School,San Francisco,Unemployed,0
54,51475.0,20870.0,844.0,28,Female,High School,San Francisco,Unemployed,0
37,25033.0,21479.0,490.0,24,Female,Masters,New York,Unemployed,1
27,79723.0,16530.0,807.0,15,Female,Bachelors,Chicago,Salaried,1
33,61000.0,28215.0,413.0,10,Male,Bachelors,New York,Unemployed,0
22,49072.0,26311.0,374.0,14,Male,High School,New York,Unemployed,0
51,48428.0,14404.0,446.0,26,Female,High School,Houston,Salaried,0
41,66574.0,31519.0,748.0,36,Female,Bachelors,San Francisco,Self-Employed,1
56,42425.0,14168.0,579.0,13,Female,High School,New York,Self-Employed,0
66,54184.0,27701.0,791.0,28,Female,Masters,San Francisco,Self-Employed,1
32,67797.0,28047.0,644.0,35,Female,PhD,San Francisco,Self-Employed,1
23,19619.0,16569.0,845.0,33,Female,Masters,Houston,Unemployed,0
46,46690.0,19429.0,652.0,13,Female,Bachelors,Houston,Unemployed,0
28,12337.0,19319.0,438.0,26,Male,Masters,Houston,Salaried,0
41,43757.0,14875.0,650.0,31,Male,Masters,San Francisco,Unemployed,0
32,53663.0,12166.0,731.0,19,Male,Bachelors,San Francisco,Salaried,1
18,55870.0,18187.0,749.0,31,Female,Bachelors,New York,Self-Employed,1
34,41005.0,13505.0,826.0,14,Female,PhD,San Francisco,Unemployed,0
42,63974.0,18165.0,516.0,17,Female,PhD,New York,Unemployed,0
67,50756.0,35791.0,815.0,36,Male,Bachelors,Chicago,Unemployed,0
39,45616.0,25058.0,415.0,39,Male,PhD,San Francisco,Unemployed,0
56,52895.0,13888.0,498.0,21,Male,PhD,San Francisco,Self-Employed,0
54,52100.0,25856.0,634.0,14,Male,Bachelors,New York,Salaried,1
51,40367.0,13731.0,676.0,38,Female,PhD,New York,Salaried,1
47,51585.0,14932.0,702.0,33,Male,Masters,San Francisco,Self-Employed,1
64,45929.0,7366.0,571.0,2,Female,High School,Houston,Unemployed,0
24,46188.0,25027.0,328.0,31,Male,PhD,Chicago,Self-Employed,0
19,46386.0,35680.0,371.0,22,Female,Bachelors,New York,Salaried,0
28,72975.0,19275.0,318.0,4,Male,PhD,New York,Salaried,0
64,72621.0,24028.0,413.0,37,Female,PhD,Chicago,Self-Employed,0
22,69281.0,25113.0,579.0,21,Male,Masters,Houston,Salaried,0
48,51531.0,31439.0,809.0,21,Male,PhD,Chicago,Salaried,1
66,48039.0,20581.0,814.0,20,Female,PhD,Houston,Salaried,1
66,50008.0,12860.0,380.0,12,Male,Bachelors,San Francisco,Unemployed,0
30,57580.0,18624.0,743.0,4,Female,Bachelors,New York,Self-Employed,1
49,59268.0,12897.0,670.0,19,Female,Bachelors,New York,Salaried,1
42,19480.0,18544.0,482.0,12,Female,High School,Chicago,Self-Employed,0
34,49630.0,20459.0,534.0,30,Female,PhD,San Francisco,Salaried,0
21,47712.0,28003.0,542.0,16,Female,PhD,New York,Self-Employed,0
46,39597.0,23380.0,489.0,8,Female,Bachelors,San Francisco,Self-Employed,0
41,47649.0,20095.0,507.0,31,Female,PhD,San Francisco,Salaried,0
31,63480.0,26601.0,333.0,35,Female,Masters,San Francisco,Salaried,0
51,47045.0,14197.0,792.0,11,Male,Masters,Houston,Self-Employed,1
65,78517.0,17066.0,772.0,4,Female,Masters,Houston,Salaried,1
61,61701.0,18946.0,313.0,6,Male,PhD,San Francisco,Salaried,0
63,53843.0,17681.0,627.0,15,Male,Bachelors,Houston,Unemployed,0
59,55467.0,33758.0,771.0,17,Male,PhD,New York,Salaried,1
50,53546.0,14906.0,389.0,33,Male,High School,San Francisco,Self-Employed,0
42,49488.0,23360.0,846.0,32,Female,High School,Houston,Unemployed,0
38,59890.0,35244.0,847.0,35,Male,PhD,New York,Salaried,1
28,47198.0,18335.0,601.0,14,Female,PhD,Houston,Self-Employed,1
60,24561.0,15765.0,342.0,32,Male,PhD,New York,Self-Employed,0
62,18145.0,20739.0,844.0,19,Female,Bachelors,Houston,Self-Employed,0
54,70070.0,20012.0,710.0,10,Female,Masters,San Francisco,Unemployed,0
69,50420.0,3644.0,446.0,12,Female,High School,San Francisco,Self-Employed,0
36,60081.0,21026.0,394.0,34,Male,Masters,Houston,Unemployed,0
36,44710.0,18701.0,579.0,2,Female,Masters,Chicago,Unemployed,0
44,59858.0,22730.0,712.0,28,Female,Bachelors,San Francisco,Self-Employed,1
35,49488.0,19383.0,841.0,17,Female,Masters,Houston,Self-Employed,1
28,47425.0,16890.0,620.0,39,Female,Bachelors,New York,Self-Employed,1
39,88124.0,34719.0,628.0,14,Female,Masters,San Francisco,Salaried,1
62,57250.0,7668.0,343.0,23,Male,Bachelors,New York,Self-Employed,0
26,50800.0,11935.0,792.0,27,Male,PhD,Chicago,Self-Employed,1
67,55080.0,29114.0,511.0,15,Female,PhD,Chicago,Self-Employed,1
46,37112.0,29698.0,849.0,0,Female,PhD,San Francisco,Unemployed,0
39,43419.0,8521.0,535.0,4,Female,PhD,San Francisco,Unemployed,0
36,44799.0,15192.0,656.0,34,Male,Masters,San Francisco,Salaried,1
63,54782.0,29349.0,844.0,0,Male,Masters,Houston,Self-Employed,1
37,34752.0,25573.0,432.0,37,Female,High School,Chicago,Salaried,0
57,50288.0,15065.0,813.0,14,Male,PhD,Houston,Self-Employed,1
41,78453.0,16329.0,802.0,29,Female,Bachelors,Houston,Unemployed,1
31,25098.0,17212.0,439.0,15,Female,PhD,San Francisco,Salaried,0
49,49544.0,15381.0,764.0,35,Male,Bachelors,San Francisco,Salaried,1
40,71399.0,6686.0,387.0,37,Female,Masters,New York,Self-Employed,0
18,56059.0,23312.0,363.0,24,Male,Bachelors,San Francisco,Self-Employed,0
18,44028.0,23122.0,705.0,0,Male,Masters,Houston,Salaried,1
52,65882.0,21390.0,636.0,20,Female,Masters,San Francisco,Unemployed,0
55,40033.0,18321.0,809.0,34,Male,High School,Chicago,Salaried,1
31,42689.0,16633.0,679.0,39,Male,Bachelors,Chicago,Self-Employed,1
58,17913.0,10233.0,518.0,34,Male,Masters,San Francisco,Unemployed,0
60,72939.0,40331.0,462.0,38,Male,High School,Houston,Salaried,1
32,54888.0,23583.0,841.0,22,Male,Bachelors,San Francisco,Self-Employed,1
60,43289.0,20579.0,754.0,28,Female,PhD,Chicago,Salaried,1
63,43330.0,18052.0,703.0,38,Female,Bachelors,Houston,Salaried,1
54,63014.0,24371.0,665.0,35,Male,Bachelors,Chicago,Unemployed,0
20,28844.0,19522.0,745.0,28,Male,Masters,Chicago,Self-Employed,0
32,50132.0,43133.0,633.0,11,Male,High School,New York,Self-Employed,1
43,27090.0,20725.0,843.0,1,Female,High School,San Francisco,Self-Employed,0
40,42613.0,24233.0,582.0,4,Male,Bachelors,Houston,Salaried,0
41,38424.0,21461.0,336.0,27,Male,High School,Houston,Unemployed,0
25,61467.0,12329.0,847.0,12,Female,High School,San Francisco,Salaried,1
50,57078.0,31020.0,348.0,18,Male,PhD,New York,Self-Employed,0
40,64752.0,15996.0,620.0,31,Male,High School,Chicago,Self-Employed,1
25,54208.0,24756.0,763.0,24,Male,PhD,Chicago,Salaried,1
41,25857.0,23379.0,682.0,0,Female,Masters,San Francisco,Self-Employed,1
56,45966.0,25357.0,688.0,39,Female,Masters,New York,Unemployed,1
51,44406.0,22954.0,786.0,7,Female,Masters,Chicago,Self-Employed,1
52,37134.0,16439.0,786.0,37,Male,Masters,Chicago,Unemployed,0
33,50865.0,34711.0,823.0,6,Female,High School,San Francisco,Self-Employed,1
57,56438.0,22225.0,654.0,6,Female,Masters,New York,Self-Employed,1
28,51109.0,11744.0,795.0,37,Male,High School,Houston,Salaried,1
23,63094.0,22632.0,847.0,29,Male,High School,San Francisco,Self-Employed,1
53,43987.0,23847.0,701.0,29,Female,High School,San Francisco,Salaried,1
53,25179.0,37611.0,381.0,14,Male,Bachelors,New York,Salaried,0
49,39689.0,16660.0,741.0,22,Female,PhD,Chicago,Unemployed,0
47,57152.0,18334.0,632.0,12,Female,Bachelors,Chicago,Self-Employed,1
36,42200.0,17032.0,474.0,4,Male,High School,Chicago,Unemployed,0
21,50829.0,14623.0,498.0,25,Male,PhD,Chicago,Salaried,0
51,49488.0,17471.0,756.0,38,Female,Bachelors,Houston,Salaried,1
68,69535.0,9230.0,646.0,21,Male,PhD,Chicago,Self-Employed,1
41,56586.0,24733.0,628.0,15,Male,PhD,Houston,Salaried,1
23,46434.0,12021.0,761.0,31,Male,PhD,Houston,Salaried,1
56,84088.0,26634.0,638.0,27,Female,Bachelors,Chicago,Unemployed,0
59,45297.0,15651.0,442.0,30,Male,High School,Chicago,Salaried,0
69,44058.0,7842.0,653.0,38,Male,Bachelors,New York,Salaried,1
65,45698.0,27890.0,422.0,25,Male,Bachelors,San Francisco,Self-Employed,0
40,37172.0,10960.0,705.0,4,Male,Masters,San Francisco,Self-Employed,0
35,34037.0,17089.0,477.0,27,Male,Bachelors,New York,Self-Employed,1
35,52588.0,13696.0,351.0,31,Male,High School,Houston,Self-Employed,0
20,81316.0,32263.0,529.0,11,Male,PhD,San Francisco,Salaried,0
51,49488.0,21371.0,470.0,28,Male,Masters,New York,Unemployed,0
39,31226.0,1247.0,623.0,20,Female,Bachelors,Houston,Unemployed,0
64,58222.0,14253.0,468.0,25,Male,Bachelors,Houston,Salaried,0
51,45019.0,21097.0,834.0,10,Male,PhD,Chicago,Unemployed,0
50,59123.0,23767.0,601.0,8,Male,High School,Houston,Self-Employed,1
18,26699.0,21968.0,432.0,24,Male,PhD,San Francisco,Self-Employed,0
43,44447.0,19519.0,354.0,36,Female,Bachelors,Chicago,Unemployed,0
39,55426.0,37453.0,546.0,7,Male,Bachelors,Houston,Self-Employed,1
56,36926.0,30796.0,571.0,36,Female,PhD,San Francisco,Unemployed,0
58,45470.0,23831.0,699.0,28,Male,Masters,Chicago,Salaried,0
66,47087.0,7213.0,569.0,22,Female,Bachelors,San Francisco,Salaried,0
28,66037.0,19588.0,830.0,4,Female,Bachelors,Houston,Unemployed,0
55,55023.0,20278.0,751.0,13,Male,High School,New York,Self-Employed,1
62,79100.0,4901.0,391.0,12,Male,High School,San Francisco,Self-Employed,0
24,47198.0,10293.0,636.0,21,Male,High School,Chicago,Unemployed,0
31,50228.0,30173.0,579.0,35,Female,Bachelors,Chicago,Salaried,0
43,51305.0,6209.0,321.0,21,Female,Bachelors,San Francisco,Self-Employed,0
66,73186.0,18107.0,543.0,37,Male,Masters,San Francisco,Unemployed,0
32,41010.0,22378.0,549.0,5,Male,PhD,Houston,Self-Employed,0
48,74396.0,26919.0,682.0,25,Male,Masters,Chicago,Salaried,1
62,69734.0,19166.0,326.0,11,Male,PhD,San Francisco,Self-Employed,1
25,52254.0,12475.0,650.0,23,Female,High School,Chicago,Unemployed,0
21,67541.0,24902.0,369.0,39,Female,PhD,Chicago,Salaried,0
48,41508.0,23398.0,676.0,2,Female,Bachelors,San Francisco,Salaried,1
25,42017.0,20826.0,752.0,38,Female,High School,Houston,Salaried,1
62,47876.0,24538.0,799.0,3,Female,Bachelors,Chicago,Salaried,1
20,14446.0,7349.0,680.0,35,Female,Masters,New York,Unemployed,0
41,29093.0,12232.0,658.0,35,Male,High School,New York,Self-Employed,0
63,51418.0,15120.0,593.0,29,Male,Bachelors,Houston,Salaried,0
21,38117.0,8469.0,509.0,6,Male,Masters,New York,Self-Employed,0
27,46865.0,18768.0,677.0,20,Male,High School,Chicago,Salaried,1
30,54495.0,36291.0,657.0,5,Female,Bachelors,New York,Unemployed,0
65,60615.0,17118.0,590.0,22,Female,Bachelors,San Francisco,Self-Employed,1
65,26978.0,4476.0,743.0,4,Male,High School,Chicago,Salaried,0
49,49488.0,25247.0,635.0,8,Female,Bachelors,Houston,Self-Employed,1
60,49825.0,29591.0,837.0,9,Female,Bachelors,New York,Salaried,1
59,43970.0,22444.0,371.0,32,Female,Masters,Chicago,Self-Employed,0
62,20311.0,28089.0,639.0,37,Female,Bachelors,New York,Salaried,1
37,56921.0,19123.0,694.0,25,Female,PhD,Chicago,Unemployed,0
58,69681.0,33726.0,719.0,21,Female,PhD,Chicago,Salaried,1
59,43326.0,23535.0,579.0,10,Female,Bachelors,New York,Unemployed,0
37,93376.0,24507.0,470.0,16,Male,High School,Houston,Unemployed,0
45,73520.0,16324.0,800.0,17,Male,High School,New York,Self-Employed,1
32,44014.0,24959.0,754.0,35,Female,High School,New York,Salaried,1
58,70461.0,20995.0,556.0,36,Male,PhD,San Francisco,Salaried,0
25,68037.0,13376.0,733.0,30,Male,Masters,New York,Salaried,1
33,44349.0,30106.0,356.0,23,Male,Bachelors,Chicago,Self-Employed,0
23,72583.0,27249.0,607.0,0,Female,High School,New York,Salaried,1
20,72853.0,19829.0,479.0,29,Female,High School,Houston,Salaried,1
47,49488.0,18699.0,684.0,6,Male,Masters,New York,Salaried,1
18,52451.0,14278.0,454.0,16,Male,Masters,New York,Unemployed,0
65,59251.0,21250.0,840.0,25,Male,High School,San Francisco,Self-Employed,1
25,40612.0,25945.0,687.0,10,Male,Masters,Chicago,Self-Employed,1
27,69038.0,18367.0,555.0,3,Female,PhD,San Francisco,Unemployed,0
47,43026.0,22484.0,793.0,18,Male,PhD,New York,Unemployed,0
41,17221.0,27314.0,698.0,18,Male,Bachelors,Chicago,Self-Employed,0
57,76505.0,18275.0,498.0,15,Female,Bachelors,New York,Salaried,0
58,63479.0,7437.0,513.0,29,Male,Bachelors,Houston,Unemployed,0
44,35689.0,12770.0,632.0,25,Female,Bachelors,San Francisco,Self-Employed,0
36,59446.0,28935.0,328.0,27,Female,High School,San Francisco,Unemployed,0
43,55266.0,31708.0,701.0,22,Female,Masters,Houston,Salaried,1
61,67787.0,19035.0,737.0,8,Female,PhD,Chicago,Salaried,1
27,49599.0,13192.0,790.0,27,Male,PhD,Chicago,Self-Employed,1
31,74297.0,12262.0,837.0,26,Female,High School,New York,Self-Employed,1
41,73864.0,-5728.0,525.0,22,Male,High School,Chicago,Unemployed,0
36,51030.0,16950.0,371.0,14,Male,Bachelors,Houston,Salaried,0
52,33695.0,27400.0,579.0,5,Female,Bachelors,New York,Self-Employed,0
37,57846.0,24618.0,579.0,24,Female,High School,New York,Salaried,0
57,39953.0,29091.0,802.0,28,Male,PhD,Houston,Self-Employed,0
23,46461.0,11297.0,528.0,4,Male,PhD,Houston,Salaried,0
26,49109.0,31415.0,665.0,25,Male,Masters,New York,Self-Employed,1
41,51861.0,19010.0,689.0,26,Male,Bachelors,Chicago,Salaried,1
39,25154.0,23431.0,416.0,25,Female,Masters,San Francisco,Self-Employed,0
49,72940.0,25929.0,485.0,36,Female,Masters,Houston,Unemployed,0
35,62719.0,14764.0,664.0,14,Female,PhD,New York,Salaried,1
61,76494.0,32420.0,386.0,12,Male,Bachelors,New York,Salaried,0
39,68077.0,22051.0,374.0,8,Male,PhD,San Francisco,Salaried,0
33,37831.0,10553.0,745.0,31,Male,Bachelors,Chicago,Self-Employed,0
29,60850.0,3358.0,624.0,10,Male,PhD,Chicago,Salaried,1
55,36732.0,20028.0,731.0,27,Female,Bachelors,Chicago,Self-Employed,0
55,49061.0,24363.0,617.0,14,Male,PhD,Houston,Self-Employed,1
21,19688.0,14777.0,765.0,32,Male,Masters,Chicago,Unemployed,0
60,52965.0,16268.0,548.0,2,Male,PhD,Chicago,Unemployed,1
33,42973.0,27278.0,724.0,38,Male,Bachelors,Chicago,Salaried,1
62,65512.0,27516.0,430.0,2,Male,High School,Chicago,Unemployed,0
41,61260.0,15182.0,648.0,1,Female,High School,Chicago,Self-Employed,1
39,64688.0,13989.0,562.0,27,Female,Bachelors,New York,Salaried,0
23,26310.0,13266.0,555.0,7,Male,PhD,New York,Unemployed,0
23,59358.0,20282.0,822.0,19,Female,PhD,Chicago,Self-Employed,1
57,79825.0,31748.0,799.0,38,Male,PhD,Chicago,Self-Employed,1
67,40850.0,41045.0,542.0,21,Male,Masters,Houston,Self-Employed,0
18,52938.0,18078.0,349.0,17,Female,Bachelors,Chicago,Unemployed,0
61,45496.0,31118.0,361.0,11,Male,High School,New York,Self-Employed,0
38,71086.0,12641.0,300.0,5,Male,PhD,Houston,Unemployed,0
40,77502.0,15677.0,724.0,12,Male,Bachelors,Chicago,Salaried,1
61,45127.0,33682.0,671.0,30,Female,Bachelors,Houston,Salaried,1
47,62371.0,20709.0,757.0,25,Male,High School,Chicago,Salaried,1
34,42959.0,18364.0,407.0,21,Female,High School,New York,Salaried,0
34,47552.0,16345.0,647.0,15,Female,PhD,San Francisco,Unemployed,1
63,84815.0,22520.0,761.0,11,Male,PhD,San Francisco,Self-Employed,1
52,45599.0,14885.0,744.0,29,Male,Masters,New York,Self-Employed,1
54,67206.0,15785.0,556.0,23,Male,Masters,Chicago,Unemployed,1
26,77143.0,16333.0,579.0,13,Female,PhD,San Francisco,Self-Employed,0
24,59676.0,14734.0,367.0,15,Male,Masters,New York,Salaried,0
26,22289.0,7571.0,648.0,33,Female,Bachelors,Houston,Salaried,0
22,50028.0,30408.0,410.0,33,Female,PhD,Chicago,Unemployed,0
52,49488.0,41444.0,787.0,39,Male,High School,Chicago,Self-Employed,1
66,48716.0,17856.0,562.0,0,Male,High School,Chicago,Unemployed,0
23,55656.0,12041.0,738.0,24,Male,High School,New York,Salaried,1
34,40106.0,15742.0,369.0,0,Female,Bachelors,San Francisco,Unemployed,1
24,49488.0,21607.0,336.0,18,Female,High School,New York,Unemployed,0
28,51880.0,7912.0,346.0,8,Female,High School,Houston,Self-Employed,0
19,78641.0,12447.0,365.0,22,Male,High School,New York,Salaried,0
42,36095.0,14126.0,712.0,37,Female,Masters,Houston,Unemployed,0
33,73373.0,22328.0,761.0,16,Female,Bachelors,Houston,Salaried,1
37,86397.0,20571.0,709.0,22,Male,Bachelors,San Francisco,Self-Employed,1
32,56709.0,24069.0,307.0,37,Male,High School,San Francisco,Salaried,0
21,47719.0,11122.0,616.0,19,Male,High School,Chicago,Salaried,1
23,75712.0,15849.0,415.0,8,Male,Masters,New York,Salaried,0
35,69235.0,10856.0,627.0,28,Male,PhD,Chicago,Salaried,1
35,44343.0,19576.0,601.0,7,Male,High School,New York,Self-Employed,1
45,66083.0,25044.0,464.0,14,Male,PhD,Chicago,Unemployed,0
45,41517.0,26905.0,785.0,26,Male,Masters,San Francisco,Salaried,1
62,63057.0,26399.0,547.0,28,Male,PhD,New York,Salaried,0
54,44265.0,13700.0,694.0,25,Female,PhD,New York,Salaried,1
59,42627.0,25769.0,849.0,8,Male,Bachelors,Houston,Salaried,1
64,46936.0,26617.0,410.0,34,Male,PhD,Chicago,Self-Employed,0
38,56314.0,31015.0,626.0,4,Female,Masters,Houston,Self-Employed,1
50,32645.0,18456.0,437.0,20,Male,High School,Chicago,Salaried,0
51,25775.0,33041.0,377.0,5,Male,High School,Houston,Salaried,0
47,64996.0,18963.0,698.0,13,Female,PhD,New York,Salaried,1
20,41877.0,17122.0,539.0,12,Female,Masters,San Francisco,Unemployed,0
66,55714.0,6350.0,751.0,27,Male,High School,New York,Self-Employed,1
36,65272.0,7354.0,622.0,12,Female,PhD,San Francisco,Salaried,1
45,43007.0,10598.0,739.0,13,Female,High School,Houston,Unemployed,0
50,48867.0,24997.0,744.0,3,Female,Masters,San Francisco,Self-Employed,1
43,32759.0,21008.0,376.0,28,Female,High School,Chicago,Salaried,0
28,51841.0,13907.0,681.0,22,Male,Masters,San Francisco,Salaried,1
42,40919.0,21094.0,555.0,22,Male,Masters,San Francisco,Self-Employed,0
66,42314.0,10660.0,629.0,10,Male,High School,New York,Salaried,1
45,59952.0,36782.0,846.0,4,Male,PhD,San Francisco,Self-Employed,1
65,55025.0,18348.0,579.0,34,Female,Bachelors,Chicago,Self-Employed,0
31,58691.0,28764.0,699.0,13,Male,PhD,San Francisco,Salaried,1
57,73548.0,27213.0,575.0,25,Female,High School,San Francisco,Unemployed,0
21,34494.0,26451.0,808.0,7,Female,Bachelors,San Francisco,Salaried,0
51,68225.0,5159.0,639.0,19,Male,Bachelors,San Francisco,Salaried,1
34,41310.0,26964.0,468.0,6,Female,Bachelors,New York,Salaried,1
24,36558.0,37569.0,648.0,32,Male,High School,Houston,Self-Employed,0
28,61952.0,12394.0,810.0,38,Female,Bachelors,New York,Salaried,1
41,32197.0,28052.0,456.0,29,Male,High School,San Francisco,Self-Employed,0
57,62421.0,25127.0,694.0,12,Male,High School,New York,Self-Employed,1
42,43667.0,3790.0,427.0,16,Male,Bachelors,Houston,Unemployed,0
27,67267.0,21056.0,848.0,20,Male,PhD,New York,Self-Employed,1
41,49825.0,20507.0,649.0,0,Male,High School,New York,Unemployed,0
58,43870.0,21919.0,765.0,15,Male,Bachelors,Houston,Salaried,1
26,73719.0,7736.0,444.0,31,Female,Masters,San Francisco,Self-Employed,0
56,50771.0,24087.0,729.0,13,Male,High School,New York,Salaried,1
41,56697.0,19247.0,822.0,14,Male,PhD,Houston,Self-Employed,1
36,59776.0,20825.0,746.0,21,Male,PhD,San Francisco,Unemployed,0
54,48408.0,30171.0,689.0,36,Male,Bachelors,Chicago,Unemployed,0
68,31853.0,15506.0,670.0,17,Female,High School,San Francisco,Salaried,0
60,41936.0,22616.0,827.0,17,Female,Bachelors,San Francisco,Unemployed,0
36,81577.0,21176.0,643.0,34,Male,Masters,Houston,Salaried,1
39,65025.0,26102.0,807.0,19,Female,High School,Chicago,Unemployed,0
25,44106.0,17983.0,814.0,31,Male,Masters,New York,Self-Employed,1
53,59044.0,25614.0,715.0,22,Male,High School,Chicago,Self-Employed,1
29,56228.0,16821.0,668.0,15,Male,PhD,Houston,Salaried,1
34,52123.0,15301.0,651.0,6,Female,PhD,Houston,Salaried,1
69,65069.0,18437.0,730.0,31,Female,Bachelors,Houston,Self-Employed,1
64,82827.0,23283.0,743.0,23,Male,PhD,Houston,Salaried,1
49,38797.0,20447.0,498.0,15,Female,PhD,New York,Salaried,0
53,65014.0,6036.0,361.0,33,Female,Masters,San Francisco,Self-Employed,0
32,45729.0,18529.0,519.0,19,Female,High School,Houston,Salaried,0
43,33239.0,33236.0,405.0,3,Male,Masters,Chicago,Salaried,0
55,52723.0,15426.0,738.0,0,Female,Bachelors,New York,Unemployed,0
60,46944.0,27759.0,480.0,8,Female,Bachelors,San Francisco,Self-Employed,0
29,73075.0,23900.0,821.0,2,Male,Bachelors,Houston,Self-Employed,1
25,40087.0,24441.0,778.0,28,Female,High School,Houston,Self-Employed,1
69,63623.0,28799.0,472.0,32,Male,Masters,Chicago,Salaried,0
31,45726.0,31771.0,591.0,4,Male,PhD,Chicago,Unemployed,0
18,36637.0,30555.0,634.0,36,Female,High School,Chicago,Self-Employed,0
69,62978.0,15606.0,631.0,11,Male,High School,Houston,Self-Employed,1
54,69269.0,24275.0,816.0,26,Female,PhD,Chicago,Unemployed,0
37,64100.0,19180.0,824.0,29,Male,Masters,Houston,Self-Employed,1
34,49488.0,5041.0,693.0,36,Female,High School,Houston,Self-Employed,1
63,76188.0,18862.0,718.0,15,Male,Masters,Chicago,Self-Employed,1
44,36083.0,23011.0,397.0,31,Male,Bachelors,San Francisco,Unemployed,0
25,39105.0,11886.0,664.0,33,Female,High School,New York,Salaried,0
41,57496.0,14720.0,587.0,36,Male,High School,Chicago,Unemployed,0
28,41929.0,20105.0,486.0,7,Female,High School,New York,Self-Employed,0
22,61670.0,27890.0,316.0,10,Female,Bachelors,New York,Salaried,0
62,28638.0,15211.0,444.0,12,Male,Masters,Houston,Unemployed,0
63,62240.0,16061.0,462.0,6,Female,Bachelors,Houston,Self-Employed,0
30,56934.0,29697.0,363.0,16,Male,Masters,Houston,Unemployed,1
48,67734.0,18798.0,738.0,13,Male,High School,Chicago,Salaried,1
55,27183.0,19911.0,573.0,17,Male,High School,New York,Unemployed,0
21,47272.0,23614.0,761.0,18,Male,Bachelors,Chicago,Self-Employed,1
62,71748.0,12483.0,657.0,31,Female,High School,Houston,Salaried,1
26,50316.0,26568.0,814.0,21,Male,Masters,New York,Salaried,1
54,52873.0,6123.0,490.0,6,Female,Bachelors,Houston,Salaried,0
25,72044.0,17490.0,468.0,33,Male,PhD,New York,Salaried,0
66,79088.0,16076.0,403.0,10,Female,Masters,New York,Salaried,0
41,58998.0,20489.0,579.0,27,Female,Masters,Chicago,Unemployed,0
29,54433.0,22839.0,633.0,11,Female,High School,New York,Self-Employed,1
58,45085.0,35920.0,620.0,21,Male,High School,San Francisco,Salaried,1
55,52517.0,35490.0,417.0,39,Female,Masters,San Francisco,Self-Employed,0
53,39669.0,14817.0,556.0,10,Male,Bachelors,Chicago,Self-Employed,0
26,36736.0,8441.0,587.0,16,Female,Bachelors,Houston,Unemployed,0
29,62954.0,22605.0,430.0,23,Female,High School,San Francisco,Salaried,0
41,63511.0,31329.0,836.0,22,Male,PhD,San Francisco,Salaried,1
45,32389.0,5962.0,822.0,12,Male,Bachelors,San Francisco,Salaried,0
30,43022.0,29586.0,780.0,21,Female,Bachelors,San Francisco,Unemployed,0
39,42680.0,25197.0,663.0,38,Male,Bachelors,New York,Salaried,1
38,56265.0,19010.0,661.0,25,Female,PhD,Chicago,Self-Employed,1
38,80817.0,20338.0,804.0,35,Female,Bachelors,New York,Self-Employed,1
22,39124.0,13060.0,665.0,27,Female,PhD,New York,Unemployed,1
22,57654.0,5186.0,768.0,0,Female,PhD,San Francisco,Self-Employed,1
69,28985.0,43891.0,410.0,19,Male,Bachelors,Houston,Unemployed,1
48,51563.0,10464.0,810.0,8,Male,PhD,San Francisco,Salaried,1
66,50432.0,48353.0,814.0,22,Female,Masters,San Francisco,Salaried,1
33,61450.0,24255.0,335.0,22,Male,Masters,Chicago,Unemployed,1
55,60759.0,25656.0,695.0,9,Female,Masters,San Francisco,Salaried,1
43,84174.0,27729.0,511.0,14,Male,High School,Houston,Unemployed,1
66,45575.0,32748.0,803.0,39,Female,Masters,San Francisco,Salaried,1
40,48479.0,19513.0,638.0,28,Female,Masters,San Francisco,Self-Employed,1
51,42135.0,27624.0,693.0,18,Female,Masters,Chicago,Salaried,1
44,59286.0,32944.0,619.0,12,Male,High School,Chicago,Self-Employed,1
32,82227.0,14414.0,753.0,31,Male,PhD,New York,Unemployed,1
23,64301.0,14482.0,642.0,5,Female,PhD,New York,Self-Employed,1
27,46575.0,20944.0,848.0,15,Female,Masters,San Francisco,Salaried,1
21,49160.0,21662.0,661.0,26,Female,High School,San Francisco,Self-Employed,1
61,78609.0,35852.0,622.0,17,Male,High School,Chicago,Salaried,1
43,55682.0,11546.0,660.0,36,Female,Bachelors,New York,Unemployed,0
37,33247.0,18251.0,571.0,38,Female,Masters,Chicago,Unemployed,0
64,40087.0,10943.0,680.0,18,Male,PhD,Houston,Self-Employed,1
38,62936.0,9691.0,424.0,15,Female,PhD,San Francisco,Salaried,0
69,47169.0,9525.0,776.0,9,Male,Bachelors,San Francisco,Salaried,1
26,69437.0,29766.0,543.0,20,Male,Masters,New York,Self-Employed,0
46,50294.0,20633.0,739.0,17,Male,Bachelors,San Francisco,Salaried,1
53,58513.0,12373.0,813.0,23,Male,PhD,Houston,Salaried,1
46,51276.0,25082.0,321.0,13,Female,Bachelors,Chicago,Unemployed,0
41,41883.0,14531.0,393.0,22,Female,PhD,San Francisco,Unemployed,0
38,64509.0,1342.0,769.0,13,Female,High School,Houston,Unemployed,0
63,39842.0,34469.0,771.0,3,Female,Masters,San Francisco,Unemployed,0
49,62760.0,3755.0,337.0,35,Female,High School,San Francisco,Self-Employed,0
18,46306.0,9654.0,313.0,10,Female,High School,San Francisco,Unemployed,0
33,53261.0,18634.0,608.0,35,Female,High School,San Francisco,Self-Employed,1
46,68331.0,20971.0,761.0,21,Male,High School,San Francisco,Salaried,1
57,60305.0,18943.0,770.0,26,Female,PhD,Houston,Salaried,1
44,52982.0,22962.0,780.0,23,Male,PhD,New York,Salaried,1
56,35721.0,33892.0,622.0,2,Female,Bachelors,Houston,Salaried,0
33,41193.0,10383.0,713.0,5,Female,High School,Chicago,Self-Employed,1
35,39874.0,21076.0,742.0,2,Male,High School,Chicago,Self-Employed,0
21,45840.0,22362.0,616.0,33,Male,Masters,San Francisco,Unemployed,0
23,48570.0,14075.0,518.0,25,Male,PhD,San Francisco,Unemployed,0
35,43659.0,19291.0,763.0,27,Male,High School,Chicago,Salaried,1
41,47931.0,37262.0,734.0,8,Male,Bachelors,Houston,Unemployed,0
35,54979.0,20087.0,579.0,37,Female,High School,San Francisco,Unemployed,0
55,49488.0,9376.0,742.0,1,Female,High School,Chicago,Self-Employed,1
31,38572.0,19948.0,781.0,39,Male,Masters,San Francisco,Self-Employed,0
29,62095.0,21657.0,612.0,7,Male,High School,New York,Salaried,1
65,52687.0,17011.0,828.0,11,Male,PhD,Chicago,Self-Employed,1
55,47455.0,24094.0,612.0,3,Female,Bachelors,Houston,Salaried,1
57,41221.0,11165.0,407.0,35,Female,Bachelors,Houston,Self-Employed,0
26,72347.0,23521.0,432.0,9,Male,Masters,Chicago,Self-Employed,0
37,49603.0,20501.0,834.0,15,Female,High School,Houston,Salaried,1
55,49488.0,20290.0,586.0,26,Female,Masters,New York,Self-Employed,0
26,64048.0,27409.0,432.0,28,Male,High School,New York,Self-Employed,0
69,63677.0,13674.0,649.0,5,Female,Bachelors,Chicago,Self-Employed,1
47,50038.0,32412.0,326.0,9,Female,Masters,Chicago,Salaried,0
58,29503.0,19862.0,798.0,36,Male,Bachelors,Houston,Unemployed,0
43,41560.0,13661.0,433.0,2,Female,High School,Houston,Self-Employed,0
43,71521.0,32356.0,675.0,38,Female,High School,Houston,Self-Employed,1
18,66034.0,28216.0,506.0,6,Female,Masters,San Francisco,Salaried,0
35,51477.0,30969.0,793.0,38,Female,Bachelors,San Francisco,Salaried,1
54,41257.0,14748.0,804.0,29,Male,Masters,Chicago,Self-Employed,1
30,44387.0,26303.0,654.0,36,Female,PhD,New York,Salaried,1
49,67958.0,10168.0,350.0,24,Male,High School,Chicago,Self-Employed,0
45,45044.0,10945.0,660.0,35,Male,High School,San Francisco,Self-Employed,1
59,43553.0,24533.0,716.0,2,Female,PhD,New York,Self-Employed,1
19,42804.0,21401.0,691.0,24,Male,PhD,Houston,Self-Employed,1
51,54008.0,25053.0,798.0,16,Female,Masters,Houston,Salaried,1
64,53487.0,31004.0,593.0,24,Male,Bachelors,Chicago,Self-Employed,0
52,75109.0,17375.0,516.0,7,Female,High School,San Francisco,Unemployed,0
22,64854.0,16798.0,811.0,7,Male,PhD,Chicago,Salaried,1
53,66744.0,30346.0,659.0,3,Female,Bachelors,San Francisco,Salaried,1
28,42203.0,21958.0,669.0,34,Male,Masters,Houston,Self-Employed,1
45,65337.0,22742.0,716.0,33,Male,Bachelors,Houston,Salaried,1
60,70193.0,15285.0,674.0,11,Female,Bachelors,San Francisco,Unemployed,0
44,50506.0,11163.0,714.0,12,Male,High School,Chicago,Self-Employed,1
35,49222.0,15416.0,707.0,29,Male,PhD,New York,Self-Employed,1
41,49488.0,5867.0,466.0,12,Male,Bachelors,Houston,Unemployed,0
49,55852.0,15610.0,788.0,29,Female,High School,Houston,Self-Employed,1
18,45320.0,24116.0,801.0,23,Male,Masters,San Francisco,Salaried,1
43,46016.0,24702.0,680.0,8,Female,High School,Chicago,Salaried,1
21,71006.0,10843.0,744.0,25,Female,PhD,Chicago,Unemployed,0
59,61554.0,-1752.0,753.0,14,Male,Bachelors,Houston,Unemployed,0
56,52155.0,35758.0,747.0,38,Female,Masters,San Francisco,Salaried,1
67,77390.0,21424.0,468.0,29,Male,High School,Houston,Salaried,0
47,42193.0,17509.0,739.0,6,Female,Bachelors,San Francisco,Salaried,1
46,44219.0,26530.0,781.0,26,Male,PhD,Houston,Self-Employed,1
24,40006.0,11987.0,798.0,14,Female,PhD,Chicago,Self-Employed,1
21,42585.0,40267.0,737.0,12,Female,High School,New York,Salaried,1
63,47197.0,20917.0,769.0,39,Male,Bachelors,Chicago,Self-Employed,1
42,49488.0,12580.0,615.0,22,Female,Masters,Houston,Self-Employed,1
63,40330.0,18255.0,355.0,18,Female,PhD,New York,Unemployed,0
68,61497.0,20266.0,581.0,32,Female,PhD,Houston,Salaried,0
30,62772.0,29867.0,579.0,32,Male,Masters,Houston,Salaried,0
30,42665.0,17718.0,335.0,19,Male,Masters,San Francisco,Self-Employed,0
68,76989.0,20663.0,576.0,1,Female,High School,Chicago,Self-Employed,0
29,51983.0,24681.0,360.0,22,Male,PhD,Houston,Unemployed,0
39,40810.0,30402.0,781.0,19,Male,Masters,Houston,Unemployed,0
32,28086.0,19129.0,845.0,23,Male,Bachelors,Chicago,Salaried,0
57,58001.0,25940.0,623.0,9,Female,Bachelors,San Francisco,Unemployed,0
56,48353.0,31258.0,675.0,20,Female,High School,Houston,Unemployed,0
22,69890.0,18843.0,782.0,3,Male,Masters,San Francisco,Salaried,1
28,47017.0,9536.0,468.0,33,Male,High School,New York,Self-Employed,1
35,46485.0,26536.0,735.0,32,Female,PhD,New York,Salaried,1
21,42296.0,12454.0,660.0,4,Male,Bachelors,New York,Salaried,1
58,52874.0,9817.0,614.0,16,Male,Masters,New York,Salaried,1
54,51244.0,2618.0,760.0,6,Male,Bachelors,San Francisco,Self-Employed,1
45,38383.0,22730.0,430.0,10,Female,High School,Chicago,Unemployed,0
29,56997.0,9518.0,622.0,36,Female,Bachelors,San Francisco,Salaried,1
42,72911.0,23502.0,563.0,1,Female,Bachelors,Houston,Unemployed,0
66,52263.0,16658.0,721.0,23,Female,Masters,Houston,Salaried,1
69,54697.0,25540.0,522.0,26,Female,PhD,Houston,Unemployed,0
29,76500.0,19785.0,505.0,35,Female,Bachelors,New York,Unemployed,1
29,44459.0,28107.0,504.0,4,Male,High School,Chicago,Self-Employed,0
52,59052.0,28724.0,633.0,25,Female,High School,Houston,Self-Employed,1
49,59812.0,18534.0,668.0,34,Male,Bachelors,Houston,Salaried,1
25,50358.0,18720.0,727.0,21,Male,Masters,Houston,Self-Employed,1
48,45370.0,8353.0,771.0,14,Male,High School,Chicago,Self-Employed,1
53,51022.0,16055.0,818.0,10,Female,PhD,Houston,Salaried,1
20,41668.0,26397.0,316.0,11,Female,High School,Chicago,Salaried,0
67,36530.0,26487.0,651.0,26,Female,Bachelors,Chicago,Self-Employed,0
38,73585.0,17847.0,726.0,18,Male,High School,Houston,Unemployed,0
18,45806.0,23445.0,621.0,7,Male,High School,Chicago,Self-Employed,1
51,43442.0,7293.0,727.0,30,Male,Bachelors,San Francisco,Salaried,1
57,52813.0,4228.0,638.0,29,Female,Masters,Chicago,Self-Employed,1
53,37779.0,30502.0,638.0,12,Female,PhD,Chicago,Salaried,0
20,64377.0,22471.0,715.0,4,Female,Masters,New York,Unemployed,0
31,42615.0,4796.0,765.0,23,Female,Masters,Houston,Self-Employed,1
34,51612.0,4671.0,675.0,23,Male,Bachelors,Chicago,Self-Employed,1
56,37335.0,18173.0,541.0,1,Male,Masters,Chicago,Unemployed,0
68,56551.0,19794.0,601.0,29,Female,Masters,New York,Self-Employed,1
55,61805.0,17942.0,826.0,4,Male,High School,New York,Salaried,1
67,16501.0,18796.0,446.0,13,Female,Masters,Houston,Salaried,0
65,51414.0,9919.0,433.0,23,Female,Bachelors,San Francisco,Salaried,0
42,66114.0,23371.0,579.0,38,Female,PhD,New York,Self-Employed,0
63,49488.0,24470.0,312.0,9,Male,Bachelors,San Francisco,Salaried,0
52,40245.0,29939.0,451.0,36,Male,High School,Houston,Self-Employed,0
18,54365.0,12838.0,836.0,16,Female,Masters,New York,Self-Employed,1
61,30824.0,20269.0,401.0,25,Female,High School,San Francisco,Unemployed,0
42,52966.0,14605.0,389.0,17,Male,Bachelors,Houston,Self-Employed,0
38,62315.0,14541.0,731.0,21,Male,High School,Houston,Salaried,1
32,41986.0,28778.0,312.0,37,Female,High School,Houston,Self-Employed,0
64,34726.0,29453.0,552.0,14,Male,High School,New York,Self-Employed,0
35,58828.0,35998.0,650.0,14,Male,High School,New York,Self-Employed,1
47,62137.0,20549.0,806.0,30,Female,Bachelors,San Francisco,Salaried,1
55,71592.0,22999.0,762.0,12,Male,PhD,Houston,Salaried,1
61,44358.0,1395.0,691.0,8,Male,Bachelors,New York,Self-Employed,1
29,49488.0,21054.0,392.0,18,Male,Bachelors,San Francisco,Salaried,0
47,32212.0,13412.0,642.0,0,Male,High School,Chicago,Salaried,0
52,47550.0,11464.0,829.0,37,Female,PhD,Houston,Salaried,1
45,75679.0,14434.0,435.0,31,Male,Masters,Chicago,Salaried,0
38,49488.0,23219.0,599.0,24,Female,High School,Chicago,Unemployed,1
39,52948.0,7560.0,605.0,4,Female,High School,San Francisco,Unemployed,0
55,51136.0,15657.0,455.0,22,Male,PhD,New York,Self-Employed,0
43,39274.0,20917.0,659.0,13,Female,High School,San Francisco,Salaried,1
64,63214.0,22744.0,611.0,29,Male,PhD,New York,Unemployed,1
66,55977.0,28269.0,790.0,22,Female,Masters,Chicago,Salaried,1
47,61403.0,35433.0,461.0,1,Female,High School,Chicago,Self-Employed,0
43,39978.0,10894.0,445.0,14,Male,High School,Chicago,Self-Employed,1
63,48786.0,29214.0,622.0,8,Female,Bachelors,Houston,Salaried,1
65,43396.0,23608.0,340.0,36,Male,Bachelors,Houston,Salaried,0
29,52809.0,2198.0,616.0,16,Male,Masters,San Francisco,Salaried,1
49,55373.0,26350.0,741.0,18,Male,High School,Houston,Self-Employed,1
40,64600.0,17779.0,829.0,24,Female,Masters,Chicago,Salaried,1
46,55041.0,21584.0,556.0,20,Female,PhD,Chicago,Self-Employed,0
50,45084.0,30057.0,838.0,19,Female,PhD,San Francisco,Salaried,1
21,51196.0,21591.0,738.0,12,Female,Masters,Houston,Self-Employed,1
43,51157.0,14608.0,729.0,0,Female,Bachelors,Houston,Self-Employed,1
27,56897.0,22035.0,316.0,38,Male,PhD,Houston,Salaried,0
53,59051.0,3652.0,400.0,1,Female,Bachelors,New York,Salaried,0
28,55547.0,18362.0,506.0,9,Male,High School,Chicago,Salaried,0
60,41104.0,30201.0,730.0,26,Male,High School,San Francisco,Unemployed,0
40,77409.0,31327.0,757.0,17,Female,High School,New York,Salaried,1
63,36762.0,15076.0,686.0,7,Female,High School,New York,Salaried,0
57,58262.0,12439.0,579.0,18,Male,Masters,San Francisco,Salaried,0
65,50999.0,17572.0,693.0,17,Male,High School,New York,Salaried,1
41,65429.0,9347.0,645.0,21,Male,Bachelors,Houston,Self-Employed,1
49,58005.0,7517.0,536.0,29,Male,High School,Chicago,Self-Employed,0
22,40639.0,22558.0,691.0,38,Female,Masters,Houston,Salaried,1
56,44490.0,25154.0,695.0,27,Male,PhD,Chicago,Salaried,1
29,25799.0,22980.0,338.0,34,Male,High School,New York,Self-Employed,0
49,37024.0,11960.0,691.0,17,Female,PhD,Chicago,Salaried,0
51,87673.0,16475.0,732.0,27,Male,Bachelors,Houston,Self-Employed,1
36,42340.0,11575.0,638.0,19,Female,High School,Chicago,Salaried,1
43,76201.0,5316.0,669.0,39,Male,Masters,Houston,Self-Employed,1
38,39696.0,11599.0,394.0,24,Female,High School,New York,Self-Employed,0
20,53789.0,47185.0,619.0,29,Male,Masters,Chicago,Self-Employed,1
34,36816.0,10448.0,409.0,29,Female,High School,Chicago,Unemployed,0
52,51688.0,21908.0,367.0,25,Male,PhD,New York,Unemployed,0
34,20450.0,40833.0,479.0,7,Female,Bachelors,Chicago,Salaried,0
39,47777.0,19337.0,703.0,4,Male,High School,New York,Salaried,1
59,52315.0,21273.0,823.0,8,Male,Bachelors,Houston,Unemployed,1
40,49488.0,14785.0,533.0,14,Female,PhD,San Francisco,Self-Employed,0
25,54443.0,13508.0,491.0,31,Female,High School,Houston,Unemployed,0
35,60088.0,19816.0,698.0,11,Female,Masters,San Francisco,Salaried,1
20,53929.0,15818.0,369.0,14,Male,High School,New York,Salaried,0
26,71967.0,21800.0,530.0,10,Male,Masters,Houston,Salaried,0
59,55006.0,18878.0,725.0,10,Male,PhD,New York,Self-Employed,1
43,58837.0,22001.0,683.0,27,Male,PhD,Houston,Self-Employed,1
56,64221.0,18548.0,439.0,6,Female,PhD,Houston,Unemployed,0
38,49488.0,20247.0,802.0,26,Male,Masters,San Francisco,Unemployed,0
51,48125.0,24254.0,635.0,9,Female,Masters,Houston,Self-Employed,1
36,66287.0,19373.0,743.0,18,Female,PhD,New York,Self-Employed,1
19,78987.0,22993.0,606.0,30,Male,Bachelors,Houston,Self-Employed,1
64,76491.0,9158.0,696.0,14,Male,PhD,San Francisco,Unemployed,0
46,25104.0,11115.0,655.0,31,Female,High School,Chicago,Salaried,0
38,52300.0,24233.0,586.0,32,Female,High School,Houston,Salaried,0
23,58888.0,18196.0,829.0,3,Male,Masters,Houston,Self-Employed,1
29,56010.0,18150.0,349.0,0,Male,High School,Houston,Salaried,0
46,43828.0,37057.0,723.0,36,Female,Bachelors,Chicago,Salaried,1
21,57373.0,20862.0,821.0,23,Male,High School,Houston,Salaried,1
66,44326.0,21798.0,667.0,3,Male,Masters,Chicago,Salaried,1
55,64614.0,11014.0,842.0,36,Female,Bachelors,Houston,Self-Employed,1
63,59482.0,21932.0,794.0,14,Female,Masters,New York,Self-Employed,1
34,60299.0,18861.0,736.0,0,Male,Bachelors,Chicago,Self-Employed,1
45,70890.0,16338.0,568.0,3,Female,PhD,Chicago,Self-Employed,0
40,60550.0,4646.0,764.0,11,Male,Masters,New York,Salaried,1
31,57001.0,12532.0,826.0,35,Female,PhD,New York,Salaried,1
62,74972.0,13996.0,607.0,38,Male,Masters,San Francisco,Self-Employed,1
54,52673.0,21341.0,699.0,23,Female,High School,New York,Self-Employed,1
61,60364.0,22605.0,496.0,30,Male,Masters,San Francisco,Self-Employed,0
40,48956.0,26108.0,749.0,36,Female,Masters,Houston,Self-Employed,1
68,24500.0,15805.0,711.0,2,Male,High School,Houston,Unemployed,0
40,41604.0,11020.0,714.0,24,Female,High School,Houston,Salaried,1
57,48328.0,18318.0,440.0,6,Female,Bachelors,Chicago,Self-Employed,0
20,62155.0,24529.0,700.0,8,Female,High School,San Francisco,Unemployed,0
20,51992.0,1921.0,714.0,31,Male,PhD,New York,Self-Employed,1
23,25436.0,7666.0,368.0,2,Female,PhD,New York,Salaried,0
32,46074.0,32601.0,670.0,6,Female,PhD,New York,Self-Employed,1
59,24253.0,18970.0,831.0,28,Female,Bachelors,Houston,Unemployed,0
37,49488.0,9494.0,848.0,22,Female,PhD,San Francisco,Salaried,1
64,57419.0,16839.0,485.0,7,Female,Bachelors,Houston,Unemployed,0
63,39902.0,20330.0,324.0,34,Female,Bachelors,San Francisco,Unemployed,0
36,46133.0,10173.0,835.0,28,Male,Masters,Chicago,Self-Employed,1
25,54705.0,25810.0,533.0,15,Female,PhD,Houston,Salaried,0
35,32281.0,11392.0,387.0,12,Male,Bachelors,San Francisco,Self-Employed,0
40,53460.0,35980.0,822.0,3,Female,Masters,San Francisco,Self-Employed,1
60,51279.0,33694.0,599.0,2,Male,Masters,New York,Salaried,0
59,51131.0,3518.0,696.0,0,Male,High School,Chicago,Salaried,1
57,76532.0,19128.0,734.0,32,Female,Masters,Chicago,Unemployed,0
64,51516.0,30479.0,765.0,10,Male,High School,Houston,Salaried,1
33,42443.0,22355.0,664.0,39,Female,High School,Chicago,Self-Employed,1
64,44159.0,16628.0,740.0,3,Male,Bachelors,San Francisco,Self-Employed,1
62,41769.0,18288.0,545.0,12,Male,PhD,Houston,Salaried,0
61,57413.0,18300.0,803.0,2,Male,PhD,Houston,Salaried,1
66,37300.0,37746.0,755.0,11,Male,Bachelors,Chicago,Self-Employed,0
64,47857.0,21986.0,667.0,19,Female,PhD,Houston,Self-Employed,1
32,39869.0,10655.0,453.0,16,Male,Masters,New York,Unemployed,0
62,39182.0,17090.0,798.0,31,Male,Bachelors,Chicago,Self-Employed,0
42,49488.0,13237.0,640.0,24,Female,Masters,New York,Salaried,1
20,42447.0,21537.0,754.0,14,Male,Masters,Chicago,Self-Employed,1
54,59895.0,8146.0,710.0,39,Female,Masters,Houston,Self-Employed,1
30,49818.0,29967.0,802.0,11,Male,PhD,San Francisco,Salaried,1
26,30542.0,19213.0,791.0,38,Female,PhD,San Francisco,Self-Employed,0
32,38177.0,4361.0,391.0,5,Female,Bachelors,New York,Unemployed,0
32,61235.0,24259.0,417.0,26,Female,PhD,New York,Salaried,0
40,33952.0,33288.0,842.0,36,Male,Bachelors,Houston,Unemployed,0
28,55083.0,29169.0,439.0,21,Female,Masters,Houston,Salaried,0
59,33429.0,18132.0,339.0,10,Male,Masters,New York,Self-Employed,0
18,79513.0,18951.0,606.0,13,Female,Masters,Chicago,Unemployed,1
37,64538.0,15091.0,694.0,38,Male,Bachelors,Chicago,Self-Employed,1
35,64991.0,17971.0,506.0,26,Female,PhD,San Francisco,Salaried,0
69,61462.0,27312.0,657.0,1,Male,Bachelors,Chicago,Unemployed,0
44,54981.0,21663.0,780.0,33,Male,PhD,Chicago,Salaried,1
49,49201.0,33912.0,647.0,17,Female,PhD,Houston,Unemployed,0
48,70001.0,17595.0,748.0,23,Male,PhD,Houston,Unemployed,0
60,52451.0,14450.0,537.0,10,Male,Masters,Chicago,Unemployed,0
54,23348.0,22446.0,346.0,10,Male,Bachelors,Chicago,Unemployed,0
67,49488.0,13036.0,828.0,26,Female,High School,Chicago,Self-Employed,1
39,43015.0,12226.0,838.0,3,Female,Masters,Houston,Self-Employed,1
36,70556.0,24908.0,663.0,16,Female,Masters,New York,Unemployed,0
62,19341.0,11684.0,742.0,37,Female,Bachelors,Chicago,Unemployed,0
54,67508.0,11903.0,496.0,17,Female,High School,Chicago,Self-Employed,0
57,58018.0,15421.0,633.0,15,Male,Bachelors,Chicago,Salaried,1
25,64894.0,17333.0,692.0,6,Female,Bachelors,Chicago,Self-Employed,1
47,37734.0,34736.0,322.0,21,Male,PhD,Chicago,Self-Employed,0
32,56923.0,6498.0,467.0,2,Male,High School,Houston,Self-Employed,0
55,16568.0,14248.0,463.0,11,Female,Bachelors,San Francisco,Salaried,0
43,41051.0,8578.0,621.0,36,Female,High School,Chicago,Salaried,1
48,48555.0,20707.0,490.0,12,Female,High School,New York,Salaried,0
36,64543.0,10618.0,555.0,12,Male,Bachelors,New York,Unemployed,0
35,53420.0,-4785.0,658.0,7,Male,PhD,Chicago,Salaried,1
62,49488.0,4585.0,526.0,4,Female,PhD,Houston,Self-Employed,0
27,96348.0,19053.0,715.0,4,Female,Bachelors,San Francisco,Self-Employed,1
60,54031.0,26917.0,771.0,2,Female,Masters,Houston,Salaried,1
44,48543.0,16204.0,411.0,19,Female,High School,New York,Unemployed,0
31,60333.0,5937.0,773.0,15,Female,Masters,Houston,Self-Employed,1
28,50510.0,17172.0,333.0,19,Male,Masters,Houston,Self-Employed,0
47,56849.0,27449.0,610.0,4,Female,Masters,Chicago,Salaried,1
53,46044.0,27086.0,731.0,39,Male,PhD,Houston,Unemployed,0
24,38444.0,12568.0,663.0,37,Female,High School,New York,Self-Employed,0
27,54539.0,26819.0,678.0,16,Male,High School,New York,Self-Employed,1
28,27420.0,25312.0,415.0,24,Female,Masters,Houston,Salaried,0
50,58946.0,30345.0,494.0,37,Male,High School,New York,Unemployed,0
54,49023.0,27694.0,763.0,34,Female,Bachelors,Houston,Salaried,1
64,29384.0,17835.0,666.0,25,Male,High School,Houston,Self-Employed,0
31,51255.0,21472.0,317.0,37,Male,Masters,Houston,Salaried,0
40,46845.0,18177.0,782.0,23,Male,High School,Chicago,Self-Employed,1
18,42740.0,19479.0,844.0,26,Male,Bachelors,Chicago,Salaried,1
62,49661.0,22005.0,532.0,6,Male,Bachelors,Chicago,Self-Employed,0
45,49836.0,21840.0,829.0,5,Female,Bachelors,New York,Salaried,1
42,53102.0,26259.0,582.0,13,Female,Bachelors,New York,Salaried,0
36,60812.0,22696.0,306.0,36,Male,Masters,Houston,Salaried,0
52,48605.0,28531.0,782.0,7,Male,PhD,Chicago,Self-Employed,1
51,31367.0,26558.0,436.0,26,Female,Masters,San Francisco,Salaried,0
61,38514.0,7816.0,589.0,3,Female,Masters,Houston,Self-Employed,1
61,45114.0,8998.0,472.0,22,Male,Bachelors,Houston,Unemployed,0
34,46993.0,21546.0,721.0,19,Male,PhD,Houston,Self-Employed,1
42,65241.0,17736.0,488.0,28,Female,Bachelors,Houston,Unemployed,0
62,73517.0,11129.0,822.0,14,Male,Masters,Houston,Salaried,1
40,42730.0,9355.0,610.0,10,Female,Masters,New York,Salaried,1
46,18060.0,15027.0,528.0,1,Female,Bachelors,Houston,Self-Employed,0
45,67047.0,16440.0,579.0,8,Female,Bachelors,Chicago,Self-Employed,0
41,63540.0,27216.0,318.0,24,Male,Bachelors,San Francisco,Self-Employed,0
65,54000.0,20334.0,671.0,30,Female,Masters,New York,Self-Employed,1
26,58956.0,20102.0,760.0,27,Male,Bachelors,San Francisco,Self-Employed,1
45,52528.0,22149.0,791.0,10,Male,PhD,San Francisco,Self-Employed,1
66,47978.0,30046.0,359.0,6,Male,High School,San Francisco,Salaried,0
63,65778.0,8788.0,563.0,21,Male,Bachelors,San Francisco,Self-Employed,0
22,29599.0,29873.0,518.0,4,Male,PhD,Houston,Salaried,0
55,53498.0,25489.0,388.0,39,Female,Bachelors,New York,Self-Employed,0
33,52631.0,9203.0,820.0,17,Female,High School,Houston,Self-Employed,1
52,60475.0,33416.0,329.0,30,Female,Masters,New York,Salaried,0
51,41675.0,29604.0,843.0,10,Female,Masters,Houston,Unemployed,0
22,71193.0,12363.0,519.0,21,Male,Masters,Chicago,Salaried,0
23,79224.0,18240.0,509.0,18,Male,Masters,Houston,Unemployed,0
52,54203.0,27855.0,626.0,2,Male,Bachelors,New York,Salaried,1
28,67998.0,33789.0,323.0,37,Male,Bachelors,San Francisco,Unemployed,0
61,34571.0,18603.0,622.0,34,Female,PhD,San Francisco,Unemployed,0
53,46497.0,31614.0,416.0,11,Female,PhD,New York,Salaried,0
61,49488.0,22546.0,543.0,26,Male,PhD,Chicago,Unemployed,0
39,72700.0,22476.0,841.0,19,Female,PhD,San Francisco,Salaried,1
69,58374.0,32863.0,532.0,36,Male,Masters,New York,Self-Employed,0
26,44687.0,8483.0,685.0,23,Male,Masters,San Francisco,Unemployed,0
22,79959.0,23223.0,818.0,1,Male,Masters,Houston,Salaried,1
62,75471.0,5507.0,350.0,5,Female,High School,Houston,Self-Employed,0
42,64928.0,24098.0,827.0,9,Female,Masters,Chicago,Self-Employed,1
46,64522.0,31913.0,830.0,26,Male,PhD,San Francisco,Self-Employed,1
37,35119.0,19126.0,686.0,3,Female,Bachelors,Chicago,Unemployed,0
31,58762.0,31227.0,666.0,11,Female,Bachelors,New York,Self-Employed,1
29,81107.0,35756.0,538.0,32,Male,PhD,San Francisco,Self-Employed,0
27,39979.0,15672.0,656.0,35,Male,Masters,Houston,Unemployed,0
62,48884.0,13536.0,312.0,3,Male,High School,Houston,Salaried,0
37,86623.0,-2314.0,476.0,29,Male,PhD,Chicago,Self-Employed,0
52,50337.0,28018.0,300.0,0,Female,High School,Chicago,Salaried,1
20,41036.0,33376.0,443.0,35,Male,Masters,Chicago,Salaried,0
34,49488.0,36081.0,423.0,36,Female,PhD,New York,Salaried,0
30,59753.0,20152.0,681.0,2,Male,Bachelors,Houston,Self-Employed,1
64,54972.0,24041.0,468.0,16,Male,Bachelors,Chicago,Self-Employed,0
34,58770.0,24529.0,841.0,0,Female,High School,New York,Salaried,1
56,46253.0,15189.0,687.0,10,Male,PhD,Houston,Self-Employed,1
62,29234.0,25919.0,794.0,1,Female,Bachelors,Houston,Unemployed,0
43,41689.0,20225.0,378.0,21,Male,High School,San Francisco,Self-Employed,0
47,46956.0,17086.0,318.0,5,Male,Bachelors,San Francisco,Unemployed,0
65,44261.0,35559.0,776.0,10,Male,High School,New York,Salaried,1
47,40727.0,18483.0,666.0,2,Female,PhD,San Francisco,Unemployed,0
63,65795.0,24018.0,842.0,34,Male,High School,New York,Salaried,1
29,56502.0,17589.0,621.0,38,Male,Masters,Chicago,Self-Employed,1
38,39855.0,14068.0,535.0,32,Female,Bachelors,San Francisco,Salaried,0
29,44911.0,12849.0,664.0,25,Female,PhD,Houston,Self-Employed,1
60,53933.0,17739.0,324.0,19,Female,Masters,San Francisco,Self-Employed,0
48,50688.0,12284.0,775.0,38,Male,Bachelors,Chicago,Self-Employed,1
48,35499.0,22857.0,388.0,23,Male,PhD,New York,Self-Employed,0
34,47080.0,17985.0,372.0,29,Male,Bachelors,Houston,Salaried,1
41,84176.0,19591.0,364.0,12,Male,PhD,Chicago,Unemployed,0
47,58089.0,18626.0,732.0,32,Female,PhD,San Francisco,Salaried,1
21,58345.0,25454.0,706.0,4,Female,PhD,San Francisco,Unemployed,0
26,66649.0,17092.0,648.0,6,Male,Masters,Houston,Salaried,1
21,38632.0,14817.0,342.0,30,Female,PhD,San Francisco,Self-Employed,0
59,52837.0,25406.0,351.0,21,Female,High School,Chicago,Unemployed,0
53,85070.0,15895.0,592.0,14,Male,Masters,Houston,Self-Employed,0
32,29472.0,29402.0,683.0,15,Male,Masters,Chicago,Self-Employed,0
64,61194.0,20465.0,760.0,27,Male,PhD,Houston,Self-Employed,1
38,49488.0,31638.0,374.0,10,Male,Bachelors,Chicago,Salaried,0
19,65603.0,24013.0,444.0,29,Male,Bachelors,Chicago,Unemployed,0
68,70539.0,19028.0,431.0,39,Female,Masters,New York,Unemployed,0
57,41501.0,23577.0,475.0,12,Female,Bachelors,Chicago,Salaried,0
18,48249.0,26759.0,607.0,30,Female,Bachelors,Chicago,Salaried,1
58,21017.0,16046.0,548.0,0,Male,Masters,San Francisco,Unemployed,0
29,58887.0,14029.0,794.0,29,Female,High School,San Francisco,Salaried,1
65,54695.0,24841.0,579.0,1,Female,PhD,Chicago,Self-Employed,0
43,46226.0,23810.0,406.0,0,Male,Bachelors,New York,Self-Employed,0
36,33233.0,16652.0,326.0,13,Female,PhD,San Francisco,Salaried,0
69,83310.0,5706.0,484.0,15,Female,PhD,Houston,Unemployed,0
28,65536.0,33334.0,751.0,15,Female,Masters,New York,Salaried,1
34,48786.0,24077.0,680.0,25,Male,PhD,Houston,Self-Employed,1
37,40192.0,17162.0,579.0,12,Male,Masters,New York,Self-Employed,0
39,62688.0,25646.0,336.0,32,Male,Bachelors,Houston,Self-Employed,0
53,43203.0,20293.0,808.0,13,Male,High School,Chicago,Self-Employed,1
69,48232.0,9306.0,775.0,21,Male,High School,Houston,Self-Employed,1
39,50989.0,17629.0,780.0,21,Female,High School,San Francisco,Unemployed,0
51,71834.0,31777.0,734.0,3,Male,Bachelors,New York,Salaried,1
56,72893.0,26462.0,538.0,0,Female,Bachelors,San Francisco,Salaried,0
36,51525.0,16114.0,736.0,12,Male,Masters,Chicago,Salaried,1
60,47978.0,23982.0,323.0,26,Male,PhD,Houston,Unemployed,1
23,49004.0,11030.0,719.0,21,Male,Masters,New York,Self-Employed,1
46,42372.0,8836.0,584.0,33,Female,High School,San Francisco,Salaried,0
41,38796.0,14777.0,561.0,16,Male,Masters,Chicago,Unemployed,0
36,51520.0,9212.0,728.0,21,Female,High School,San Francisco,Salaried,1
28,40826.0,26746.0,579.0,24,Male,PhD,New York,Unemployed,0
42,42568.0,2475.0,580.0,16,Female,PhD,New York,Salaried,0
48,42509.0,13317.0,700.0,19,Female,High School,Chicago,Self-Employed,1
31,26320.0,25048.0,783.0,37,Female,PhD,Houston,Self-Employed,0
43,56502.0,16847.0,832.0,21,Female,PhD,San Francisco,Salaried,1
40,49601.0,18096.0,358.0,1,Male,PhD,Chicago,Self-Employed,0
60,51091.0,21579.0,781.0,6,Male,Bachelors,San Francisco,Self-Employed,1
45,70280.0,22740.0,627.0,33,Female,Masters,San Francisco,Self-Employed,1
41,34879.0,17276.0,435.0,18,Female,Bachelors,Houston,Unemployed,0
29,44139.0,39694.0,679.0,5,Male,PhD,Chicago,Self-Employed,1
65,24052.0,26376.0,500.0,26,Male,Masters,Chicago,Salaried,0
57,45804.0,25195.0,684.0,6,Female,Bachelors,New York,Self-Employed,1
69,54273.0,30448.0,788.0,36,Female,Masters,New York,Self-Employed,1
27,47988.0,22882.0,632.0,15,Female,PhD,Houston,Unemployed,0
62,51455.0,30347.0,314.0,16,Male,Bachelors,New York,Salaried,0
43,44489.0,25121.0,669.0,27,Male,Masters,Houston,Self-Employed,1
51,51212.0,20864.0,614.0,1,Male,High School,Houston,Self-Employed,1
50,83288.0,29140.0,679.0,33,Male,High School,San Francisco,Self-Employed,1
61,52366.0,20524.0,661.0,35,Male,PhD,New York,Unemployed,0
68,53430.0,26366.0,355.0,25,Male,PhD,San Francisco,Salaried,0
44,63796.0,7195.0,629.0,7,Male,Masters,Chicago,Self-Employed,1
52,55602.0,25630.0,786.0,15,Male,High School,Chicago,Salaried,1
21,55110.0,27188.0,699.0,32,Female,Bachelors,San Francisco,Self-Employed,1
36,64816.0,3871.0,715.0,16,Female,PhD,Houston,Unemployed,1
40,70200.0,22824.0,486.0,16,Male,High School,Houston,Salaried,0
66,54757.0,25734.0,318.0,31,Male,Bachelors,Chicago,Salaried,0
61,41391.0,6097.0,767.0,1,Female,Bachelors,Chicago,Unemployed,0
55,49488.0,33221.0,417.0,18,Male,High School,Chicago,Unemployed,0
53,34593.0,22815.0,643.0,2,Male,High School,San Francisco,Salaried,0
32,43005.0,18077.0,444.0,8,Female,PhD,Chicago,Self-Employed,0
63,49488.0,4596.0,827.0,15,Male,Bachelors,San Francisco,Unemployed,0
69,50523.0,32183.0,441.0,38,Female,High School,Chicago,Salaried,0
32,44768.0,20146.0,345.0,2,Female,PhD,New York,Salaried,0
53,34417.0,22879.0,349.0,13,Male,High School,San Francisco,Unemployed,0
37,57596.0,11920.0,479.0,14,Male,PhD,San Francisco,Unemployed,0
50,29627.0,15276.0,833.0,10,Male,Bachelors,Houston,Salaried,0
43,69386.0,303.0,641.0,2,Male,PhD,New York,Salaried,1
42,33010.0,26775.0,718.0,20,Male,PhD,New York,Self-Employed,0
41,49083.0,17738.0,492.0,19,Male,High School,Chicago,Self-Employed,0
27,51943.0,19769.0,833.0,12,Female,Bachelors,Houston,Salaried,1
22,57398.0,29783.0,534.0,27,Female,PhD,San Francisco,Unemployed,0
20,88549.0,30233.0,330.0,3,Male,Masters,San Francisco,Unemployed,1
41,54394.0,18145.0,317.0,4,Female,PhD,New York,Unemployed,0
54,44576.0,31642.0,738.0,20,Female,Masters,Chicago,Self-Employed,1
61,70949.0,8370.0,366.0,3,Male,Masters,New York,Unemployed,0
44,53322.0,21309.0,481.0,17,Female,Bachelors,New York,Self-Employed,0
58,48875.0,15806.0,659.0,11,Male,Masters,Chicago,Salaried,1
37,54400.0,28617.0,691.0,13,Male,High School,Chicago,Salaried,1
63,67905.0,11459.0,802.0,7,Female,Bachelors,Chicago,Salaried,1
20,32875.0,16507.0,754.0,16,Female,High School,San Francisco,Self-Employed,0
28,48201.0,589.0,408.0,9,Male,High School,Chicago,Self-Employed,0
54,53469.0,5550.0,600.0,21,Female,Masters,Chicago,Salaried,0
21,35504.0,10327.0,732.0,9,Female,Masters,Chicago,Unemployed,1
28,49488.0,6131.0,695.0,10,Female,Masters,New York,Self-Employed,1
50,67887.0,17227.0,824.0,3,Male,High School,Chicago,Self-Employed,1
45,65904.0,15494.0,449.0,26,Male,Masters,San Francisco,Self-Employed,0
20,40714.0,9900.0,579.0,38,Female,Bachelors,New York,Unemployed,0
49,26703.0,18339.0,564.0,31,Male,Bachelors,New York,Self-Employed,0
23,69816.0,18605.0,778.0,2,Female,Bachelors,San Francisco,Self-Employed,1
53,52126.0,34332.0,565.0,22,Female,High School,Chicago,Unemployed,0
26,53150.0,12826.0,676.0,0,Female,Masters,Houston,Salaried,1
58,64595.0,30203.0,601.0,6,Female,Masters,New York,Self-Employed,1
32,63552.0,27208.0,696.0,1,Female,Bachelors,Chicago,Salaried,1
62,52993.0,20496.0,706.0,25,Male,Bachelors,Houston,Self-Employed,1
45,53173.0,16452.0,614.0,24,Male,Masters,Chicago,Salaried,1
61,45880.0,14844.0,799.0,31,Male,High School,San Francisco,Salaried,1
23,72587.0,34345.0,754.0,5,Male,High School,Chicago,Salaried,1
22,41205.0,20281.0,696.0,35,Male,PhD,San Francisco,Self-Employed,1
47,53738.0,17344.0,786.0,39,Male,Masters,New York,Salaried,1
62,55096.0,15150.0,749.0,34,Female,High School,New York,Salaried,1
50,42892.0,22731.0,482.0,20,Female,Masters,Houston,Unemployed,0
22,50672.0,22793.0,606.0,36,Female,Bachelors,New York,Self-Employed,1
61,50131.0,22419.0,475.0,37,Male,High School,San Francisco,Unemployed,0
53,40426.0,5884.0,786.0,2,Male,High School,Chicago,Salaried,1
68,28259.0,15065.0,373.0,13,Male,Bachelors,San Francisco,Salaried,0
65,67453.0,44540.0,768.0,4,Female,High School,Chicago,Salaried,1
39,54326.0,30769.0,611.0,27,Male,PhD,New York,Salaried,1
38,50421.0,14460.0,460.0,17,Female,High School,San Francisco,Salaried,0
25,42997.0,19528.0,823.0,32,Male,High School,New York,Salaried,1
21,72841.0,11574.0,335.0,38,Male,Bachelors,New York,Salaried,0
27,45641.0,5594.0,330.0,37,Female,Masters,New York,Self-Employed,0
29,58734.0,21773.0,842.0,18,Male,High School,New York,Salaried,1
20,70130.0,19445.0,671.0,19,Male,PhD,Chicago,Salaried,1
68,52757.0,12057.0,846.0,11,Female,High School,Houston,Self-Employed,1
41,22950.0,23657.0,547.0,32,Male,PhD,Chicago,Salaried,0
45,64469.0,14160.0,460.0,32,Male,Masters,Chicago,Self-Employed,0
45,47667.0,26050.0,662.0,16,Female,PhD,New York,Salaried,1
30,79263.0,5512.0,688.0,14,Female,PhD,Houston,Unemployed,0
61,54230.0,14952.0,782.0,23,Male,Masters,Chicago,Salaried,1
22,47216.0,37338.0,779.0,13,Male,High School,New York,Self-Employed,1
56,54714.0,16763.0,636.0,32,Female,High School,Houston,Self-Employed,1
18,57431.0,24043.0,791.0,34,Female,Masters,San Francisco,Salaried,1
60,81211.0,19858.0,314.0,4,Female,Masters,New York,Unemployed,0
23,54456.0,10549.0,330.0,29,Female,High School,Chicago,Self-Employed,1
30,86915.0,19189.0,729.0,18,Male,High School,New York,Self-Employed,1
65,53312.0,25682.0,429.0,37,Female,PhD,Houston,Unemployed,0
50,49488.0,13893.0,712.0,10,Male,PhD,New York,Unemployed,1
38,73240.0,255.0,529.0,29,Male,Bachelors,Houston,Self-Employed,0
47,57588.0,28747.0,719.0,33,Male,High School,Houston,Self-Employed,1
66,70698.0,9482.0,529.0,24,Female,Masters,Chicago,Self-Employed,0
64,58936.0,17548.0,656.0,28,Male,Bachelors,San Francisco,Salaried,1
43,71452.0,29545.0,725.0,3,Male,Bachelors,San Francisco,Salaried,1
66,64254.0,13980.0,696.0,30,Male,Masters,San Francisco,Self-Employed,1
54,54493.0,26872.0,677.0,21,Female,High School,Houston,Salaried,1
54,78691.0,12456.0,371.0,33,Female,PhD,Houston,Salaried,0
27,40078.0,32619.0,696.0,29,Male,Bachelors,Houston,Salaried,1
23,59669.0,16746.0,689.0,22,Female,High School,Chicago,Salaried,1
27,55176.0,18197.0,318.0,27,Female,Bachelors,New York,Unemployed,0
45,89676.0,29692.0,693.0,6,Male,PhD,Chicago,Self-Employed,1
46,48108.0,19481.0,787.0,28,Female,High School,Chicago,Self-Employed,1
34,68617.0,16528.0,354.0,12,Female,Bachelors,Houston,Unemployed,0
46,51896.0,16783.0,690.0,32,Male,PhD,Chicago,Salaried,1
61,56220.0,19744.0,673.0,12,Male,High School,New York,Self-Employed,1
54,44332.0,21754.0,747.0,26,Female,Masters,Chicago,Self-Employed,1
39,63350.0,29394.0,677.0,6,Female,PhD,Chicago,Self-Employed,1
34,34618.0,23958.0,704.0,3,Female,Bachelors,New York,Self-Employed,0
31,46922.0,16708.0,733.0,5,Female,Masters,San Francisco,Self-Employed,1
35,37602.0,13977.0,309.0,27,Female,Masters,San Francisco,Unemployed,0
56,31871.0,9226.0,643.0,10,Female,High School,Houston,Self-Employed,0
58,31082.0,22971.0,559.0,9,Male,Bachelors,Chicago,Self-Employed,0
67,66674.0,5961.0,839.0,28,Female,Masters,Chicago,Self-Employed,1
62,46950.0,23775.0,453.0,6,Female,PhD,San Francisco,Unemployed,0
53,33505.0,22363.0,795.0,20,Male,High School,New York,Salaried,0
69,59297.0,3203.0,391.0,3,Female,Masters,San Francisco,Self-Employed,0
58,55415.0,32924.0,396.0,22,Female,Bachelors,New York,Unemployed,0
68,66604.0,14163.0,569.0,6,Male,Masters,San Francisco,Self-Employed,0
48,46580.0,22728.0,559.0,28,Male,PhD,San Francisco,Unemployed,0
59,31276.0,20126.0,827.0,34,Female,Masters,Houston,Self-Employed,0
45,74131.0,3372.0,682.0,33,Female,Bachelors,Houston,Salaried,1
27,49824.0,13425.0,661.0,31,Female,Masters,Houston,Self-Employed,1
34,48403.0,26496.0,699.0,37,Female,PhD,New York,Self-Employed,1
55,41410.0,18521.0,750.0,25,Female,Masters,New York,Salaried,1
44,40650.0,19771.0,746.0,15,Female,Bachelors,New York,Salaried,1
69,51632.0,23054.0,737.0,26,Female,Masters,Chicago,Salaried,1
57,44279.0,8254.0,813.0,27,Female,Bachelors,San Francisco,Self-Employed,1
58,47997.0,21066.0,711.0,9,Male,Bachelors,Chicago,Salaried,1
24,53328.0,20864.0,368.0,30,Female,High School,Houston,Unemployed,0
47,54794.0,34851.0,710.0,25,Male,High School,New York,Self-Employed,1
36,47000.0,220.0,384.0,5,Female,High School,Chicago,Salaried,0
66,49208.0,7690.0,533.0,12,Female,PhD,Houston,Self-Employed,0
58,61976.0,22007.0,685.0,37,Female,Masters,Houston,Unemployed,0
37,69956.0,13242.0,580.0,29,Male,High School,Chicago,Salaried,1
54,57596.0,14336.0,674.0,13,Female,PhD,San Francisco,Salaried,1
66,49164.0,18700.0,731.0,19,Female,Masters,Chicago,Self-Employed,1
61,62789.0,29323.0,658.0,31,Male,PhD,New York,Self-Employed,1
66,50439.0,19841.0,672.0,28,Male,PhD,San Francisco,Salaried,1
53,43168.0,17075.0,373.0,26,Female,Bachelors,Chicago,Salaried,0
26,45853.0,21153.0,765.0,12,Male,Masters,Chicago,Self-Employed,1
23,66953.0,21830.0,770.0,19,Female,PhD,New York,Self-Employed,1
33,45796.0,20796.0,748.0,14,Female,Bachelors,San Francisco,Salaried,1
18,60555.0,13831.0,611.0,25,Female,Masters,New York,Unemployed,0
21,43203.0,28802.0,396.0,27,Male,High School,New York,Unemployed,0
22,52500.0,16628.0,649.0,23,Male,High School,San Francisco,Salaried,1
35,60306.0,4095.0,782.0,1,Male,PhD,Houston,Unemployed,0
38,57334.0,14433.0,503.0,36,Female,Bachelors,Houston,Self-Employed,0
24,59741.0,6783.0,625.0,8,Female,High School,Houston,Salaried,1
29,74007.0,42767.0,811.0,37,Male,PhD,Chicago,Self-Employed,1
56,42618.0,7631.0,533.0,31,Female,PhD,Chicago,Self-Employed,0
45,45480.0,16842.0,643.0,34,Female,Masters,Houston,Self-Employed,1
47,52042.0,23552.0,731.0,4,Female,PhD,Chicago,Salaried,1
38,45355.0,15837.0,580.0,7,Male,PhD,San Francisco,Self-Employed,0
65,18932.0,19273.0,503.0,3,Male,Bachelors,Houston,Salaried,1
52,47765.0,25698.0,661.0,35,Female,Bachelors,New York,Self-Employed,1
35,63632.0,24921.0,626.0,30,Male,Masters,Houston,Salaried,1
55,46705.0,6220.0,329.0,37,Male,Bachelors,Houston,Self-Employed,1
65,62918.0,30640.0,788.0,25,Male,Masters,Chicago,Self-Employed,1
37,89565.0,14001.0,841.0,21,Male,Bachelors,Houston,Salaried,1
56,40547.0,18380.0,670.0,30,Female,PhD,Chicago,Salaried,1
52,46518.0,22165.0,689.0,37,Male,High School,Houston,Salaried,1
65,68120.0,11685.0,616.0,4,Male,Masters,Chicago,Self-Employed,1
49,70165.0,28763.0,650.0,16,Female,PhD,Houston,Self-Employed,1
26,50427.0,19860.0,754.0,14,Male,PhD,New York,Self-Employed,1
34,73175.0,36830.0,579.0,13,Male,PhD,Chicago,Salaried,0
28,39994.0,22347.0,512.0,5,Male,High School,San Francisco,Self-Employed,0
56,65823.0,18923.0,747.0,26,Female,Masters,Houston,Self-Employed,1
56,75939.0,38259.0,744.0,31,Male,High School,Chicago,Salaried,1
30,52297.0,21012.0,841.0,16,Female,PhD,Chicago,Self-Employed,1
19,48338.0,25268.0,671.0,12,Female,Masters,New York,Unemployed,1
21,41048.0,24376.0,394.0,0,Male,Bachelors,San Francisco,Self-Employed,0
34,38385.0,12740.0,568.0,21,Female,PhD,Chicago,Unemployed,0
33,77172.0,25589.0,848.0,20,Female,Bachelors,San Francisco,Self-Employed,1
67,60441.0,12897.0,823.0,18,Female,Masters,Houston,Salaried,1
38,68382.0,13628.0,608.0,12,Female,Bachelors,Chicago,Self-Employed,1
57,50215.0,1779.0,815.0,25,Female,PhD,Chicago,Unemployed,0
29,50733.0,21598.0,430.0,29,Female,High School,San Francisco,Unemployed,0
27,67475.0,29362.0,484.0,9,Female,PhD,Chicago,Salaried,0
44,41085.0,21803.0,454.0,16,Male,Bachelors,New York,Unemployed,0
49,35386.0,21893.0,697.0,4,Female,Bachelors,New York,Salaried,1
27,41128.0,26956.0,797.0,37,Male,PhD,New York,Self-Employed,1
38,41795.0,23459.0,737.0,7,Male,Masters,Houston,Unemployed,0
48,58125.0,29432.0,776.0,10,Female,High School,Houston,Unemployed,0
68,38457.0,17518.0,422.0,24,Female,PhD,Chicago,Unemployed,0
52,49488.0,8782.0,458.0,27,Female,Bachelors,Houston,Salaried,0
62,35183.0,20698.0,315.0,11,Female,Bachelors,Houston,Self-Employed,0
20,63899.0,16046.0,695.0,21,Male,PhD,Chicago,Salaried,1
39,34398.0,16333.0,636.0,27,Female,High School,Houston,Salaried,0
31,59742.0,18552.0,762.0,16,Male,PhD,New York,Salaried,1
61,60256.0,14268.0,485.0,6,Female,Bachelors,Houston,Unemployed,0
48,48480.0,11900.0,750.0,28,Male,Bachelors,Houston,Self-Employed,1
47,43296.0,27138.0,694.0,15,Male,Bachelors,San Francisco,Self-Employed,1
26,56653.0,21586.0,601.0,0,Female,High School,Chicago,Self-Employed,1
28,21968.0,17823.0,695.0,14,Male,Masters,San Francisco,Salaried,0
33,62705.0,17018.0,776.0,12,Male,Masters,San Francisco,Salaried,1
53,70940.0,23868.0,835.0,14,Female,High School,Houston,Unemployed,0
33,60727.0,22499.0,713.0,27,Male,High School,San Francisco,Unemployed,0
21,48869.0,23558.0,716.0,39,Male,High School,Chicago,Self-Employed,1
44,52924.0,18048.0,515.0,22,Male,Bachelors,New York,Self-Employed,0
30,72003.0,11786.0,792.0,9,Male,PhD,San Francisco,Salaried,1
63,73027.0,23232.0,376.0,36,Male,Bachelors,Houston,Salaried,1
24,46168.0,18504.0,762.0,17,Female,Masters,New York,Salaried,1
39,64038.0,12645.0,339.0,13,Male,PhD,New York,Unemployed,0
46,68358.0,24855.0,516.0,39,Male,Masters,San Francisco,Self-Employed,0
43,42506.0,15339.0,631.0,37,Male,PhD,New York,Salaried,1
46,55393.0,12044.0,423.0,39,Female,Masters,New York,Unemployed,0
66,42983.0,12963.0,686.0,34,Female,High School,San Francisco,Self-Employed,1
26,50270.0,24705.0,684.0,14,Male,PhD,Chicago,Unemployed,1
67,59769.0,18638.0,684.0,2,Male,Masters,New York,Salaried,1
25,47297.0,24555.0,733.0,14,Female,Masters,New York,Salaried,1
21,85277.0,11956.0,666.0,28,Female,High School,New York,Salaried,1
22,57205.0,18142.0,699.0,14,Male,Bachelors,Chicago,Self-Employed,1
44,49488.0,29098.0,785.0,14,Female,High School,New York,Unemployed,0
47,50740.0,11053.0,823.0,12,Female,High School,Houston,Salaried,1
52,49488.0,27782.0,746.0,32,Female,PhD,Chicago,Salaried,1
68,56158.0,25891.0,579.0,30,Male,High School,New York,Salaried,0
53,41384.0,13577.0,360.0,23,Male,PhD,New York,Salaried,0
21,82034.0,26847.0,648.0,3,Female,Masters,New York,Self-Employed,1
26,30978.0,23045.0,766.0,0,Male,Masters,New York,Salaried,0
55,66226.0,15949.0,464.0,36,Male,Bachelors,Houston,Self-Employed,0
60,54456.0,17332.0,833.0,0,Female,Masters,New York,Unemployed,0
42,38228.0,22256.0,815.0,24,Female,Bachelors,Chicago,Self-Employed,0
66,75265.0,21955.0,350.0,17,Male,PhD,Chicago,Self-Employed,0
58,49488.0,14583.0,604.0,22,Male,High School,Chicago,Unemployed,0
24,53781.0,16268.0,829.0,25,Male,High School,Chicago,Salaried,1
50,49848.0,24373.0,453.0,24,Female,Masters,Chicago,Self-Employed,0
38,31471.0,17844.0,687.0,23,Female,Bachelors,San Francisco,Unemployed,0
41,48926.0,24858.0,374.0,15,Male,Masters,New York,Unemployed,0
58,81296.0,23773.0,667.0,11,Male,Masters,San Francisco,Self-Employed,1
67,49488.0,22720.0,303.0,36,Male,Bachelors,New York,Salaried,0
25,23581.0,22634.0,344.0,29,Female,High School,Houston,Unemployed,0
44,55165.0,13051.0,778.0,7,Female,High School,New York,Salaried,1
26,31291.0,30760.0,651.0,28,Female,Masters,Houston,Salaried,0
44,63421.0,33489.0,740.0,1,Male,Bachelors,New York,Salaried,1
61,71220.0,16718.0,388.0,27,Male,PhD,Houston,Self-Employed,0
28,18916.0,20887.0,545.0,6,Female,Masters,Chicago,Self-Employed,0
67,59640.0,43336.0,558.0,7,Male,PhD,San Francisco,Unemployed,1
34,48724.0,9451.0,784.0,24,Male,High School,San Francisco,Salaried,1
59,63897.0,6464.0,630.0,29,Male,Bachelors,Chicago,Salaried,1
58,45628.0,4.0,810.0,29,Female,Bachelors,Chicago,Unemployed,0
33,42693.0,24601.0,599.0,34,Female,Bachelors,Houston,Self-Employed,0
29,58491.0,30518.0,767.0,18,Female,High School,San Francisco,Self-Employed,1
24,41336.0,13546.0,801.0,39,Male,Bachelors,New York,Salaried,1
39,24175.0,23314.0,849.0,0,Male,PhD,San Francisco,Self-Employed,1
57,49488.0,13834.0,639.0,31,Male,Masters,San Francisco,Salaried,1
69,29057.0,10152.0,332.0,15,Male,Bachelors,Houston,Unemployed,1
53,39651.0,14973.0,719.0,16,Male,PhD,New York,Unemployed,0
65,48777.0,28502.0,683.0,25,Female,PhD,San Francisco,Self-Employed,1
56,52176.0,14077.0,317.0,24,Male,High School,New York,Self-Employed,0
19,50509.0,14807.0,391.0,38,Male,PhD,San Francisco,Self-Employed,1
22,49288.0,17685.0,711.0,11,Female,Bachelors,New York,Self-Employed,1
27,45066.0,21093.0,775.0,22,Male,Bachelors,Chicago,Self-Employed,1
23,27560.0,9436.0,469.0,21,Male,Bachelors,Chicago,Salaried,0
67,42243.0,18199.0,735.0,3,Female,Bachelors,San Francisco,Salaried,1
45,43964.0,17900.0,676.0,8,Male,PhD,New York,Self-Employed,1
47,54663.0,7316.0,705.0,18,Male,High School,New York,Self-Employed,1
21,50627.0,18398.0,302.0,13,Female,PhD,Chicago,Self-Employed,0
37,49082.0,29118.0,310.0,34,Female,High School,Houston,Salaried,0
53,65083.0,2690.0,664.0,36,Female,High School,San Francisco,Self-Employed,1
54,44920.0,22679.0,341.0,30,Female,High School,San Francisco,Unemployed,0
30,59069.0,25218.0,474.0,31,Male,PhD,San Francisco,Unemployed,1
47,40851.0,16619.0,371.0,31,Female,Bachelors,Houston,Unemployed,0
43,29425.0,8718.0,698.0,4,Male,PhD,San Francisco,Salaried,0
49,44731.0,21334.0,374.0,18,Female,High School,San Francisco,Salaried,0
68,38829.0,20948.0,380.0,11,Female,PhD,New York,Unemployed,0
51,24182.0,24038.0,774.0,39,Female,Masters,Chicago,Salaried,0
31,47581.0,29427.0,829.0,23,Male,PhD,San Francisco,Salaried,1
40,28971.0,25863.0,414.0,16,Female,PhD,New York,Salaried,0
38,47244.0,28264.0,642.0,20,Male,High School,New York,Salaried,1
55,58082.0,3503.0,823.0,17,Male,Bachelors,San Francisco,Salaried,1
49,19026.0,20592.0,324.0,7,Female,Masters,New York,Self-Employed,0
65,43900.0,16227.0,837.0,23,Male,Bachelors,Chicago,Self-Employed,1
65,-3731.0,10651.0,729.0,22,Male,Masters,San Francisco,Salaried,0
63,35356.0,20350.0,646.0,22,Female,PhD,New York,Self-Employed,1
37,73345.0,20020.0,809.0,39,Male,Masters,Chicago,Self-Employed,1
24,34901.0,31047.0,343.0,20,Female,Masters,San Francisco,Self-Employed,0
61,75570.0,20924.0,656.0,28,Female,Masters,Chicago,Salaried,1
29,36319.0,13228.0,758.0,38,Male,Bachelors,San Francisco,Unemployed,0
30,45536.0,15799.0,814.0,38,Female,Bachelors,San Francisco,Self-Employed,1
54,78575.0,19304.0,783.0,30,Female,PhD,Chicago,Salaried,1
57,38607.0,14153.0,579.0,38,Male,High School,New York,Unemployed,0
47,45192.0,27490.0,373.0,38,Female,PhD,Houston,Salaried,0
51,44215.0,17030.0,656.0,20,Male,Masters,Houston,Salaried,1
61,50777.0,26516.0,508.0,27,Male,PhD,Houston,Unemployed,0
